# Blender 4.5.4 LTS
# www.blender.org
mtllib ejericio18.mtl
o Cylinder
v 0.135553 0.500936 0.583927
v 0.395544 0.503132 0.583927
v 0.137014 0.328055 0.676337
v 0.397005 0.330251 0.676337
v 0.398285 0.178720 0.800700
v 0.140125 -0.040241 1.890490
v 0.400116 -0.038045 1.890490
v 0.135553 0.500936 2.431686
v 0.395544 0.503132 2.431686
v 0.133969 0.688522 2.488592
v 0.393960 0.690718 2.488592
v 0.126348 1.590687 0.800700
v 0.386338 1.592883 0.800700
v 0.129088 1.266275 0.583927
v 0.383928 1.878191 1.584719
v 0.123949 1.874641 1.598468
v 0.383950 1.875611 1.404701
v 0.123942 1.875478 1.425643
v 0.384682 1.788977 1.512934
v 0.124656 1.791007 1.531173
v 0.384214 1.844425 1.775842
v 0.124281 1.835344 1.798539
v 0.383966 1.873761 1.629703
v 0.123992 1.869556 1.650097
v 0.384706 1.786155 1.689110
v 0.124769 1.777537 1.712496
v 0.384761 1.779646 1.946622
v 0.124865 1.766225 1.967623
v 0.384384 1.824198 1.842524
v 0.124442 1.816303 1.861311
v 0.385009 1.750222 1.872079
v 0.125113 1.736799 1.893075
v 0.385675 1.671394 2.119245
v 0.125810 1.654388 2.137290
v 0.385034 1.747313 2.007115
v 0.125120 1.735972 2.024225
v 0.385831 1.652932 2.026243
v 0.125965 1.635968 2.044493
v 0.392656 0.845005 2.503788
v 0.132789 0.828194 2.502349
v 0.390996 1.041480 2.492473
v 0.391440 0.989015 2.497641
v 0.131321 1.002007 2.496145
v 0.131477 0.983541 2.497964
v 0.389549 1.212863 2.448556
v 0.389965 1.163583 2.463505
v 0.129816 1.180128 2.457820
v 0.130414 1.109292 2.479308
v 0.388083 1.386333 2.368686
v 0.388721 1.310839 2.409039
v 0.128267 1.363478 2.379729
v 0.128981 1.279007 2.424881
v 0.386817 1.536199 2.261435
v 0.387245 1.485579 2.302979
v 0.126978 1.516027 2.276188
v 0.127373 1.469307 2.314531
v 0.385864 1.649084 2.146431
v 0.125974 1.634913 2.161021
v 0.389376 1.233256 2.384953
v 0.390738 1.072101 2.424269
v 0.386819 1.536032 2.147033
v 0.391895 0.935175 2.430998
v 0.387942 1.403062 2.286504
v 0.131121 1.025668 2.443443
v 0.128124 1.380364 2.296773
v 0.126980 1.515860 2.161655
v 0.129659 1.198685 2.399944
v 0.131977 0.924363 2.424715
v 0.393678 0.724086 0.523735
v 0.392630 0.848102 0.511520
v 0.132556 0.855733 0.510552
v 0.133702 0.720139 0.523907
v 0.394719 0.600789 0.554302
v 0.134653 0.607508 0.551598
v 0.396615 0.376418 0.651660
v 0.395608 0.495589 0.587959
v 0.135576 0.498321 0.585325
v 0.136732 0.361412 0.658507
v 0.398263 0.181334 0.798555
v 0.397514 0.269970 0.725811
v 0.137482 0.272673 0.721790
v 0.315724 0.178023 0.800700
v 0.398781 0.120005 0.872247
v 0.138326 0.172772 0.805272
v 0.138758 0.121630 0.867591
v 0.399688 0.012616 1.030341
v 0.399372 0.050062 0.960282
v 0.139420 0.043260 0.968898
v 0.139675 0.013090 1.025345
v 0.400320 -0.062165 1.204641
v 0.400152 -0.042301 1.139154
v 0.140187 -0.047618 1.149441
v 0.140316 -0.062836 1.199613
v 0.400713 -0.108729 1.452640
v 0.400657 -0.102089 1.385219
v 0.140676 -0.105422 1.396757
v 0.140717 -0.110325 1.446544
v 0.400607 -0.096162 1.690577
v 0.400672 -0.103879 1.612221
v 0.140673 -0.105117 1.621946
v 0.140620 -0.098873 1.685346
v 0.400251 -0.054037 1.837768
v 0.140234 -0.053126 1.848014
v 0.399936 -0.016781 1.930273
v 0.139959 -0.020615 1.927210
v 0.399046 0.088541 2.105026
v 0.399313 0.056940 2.066519
v 0.139255 0.062802 2.076338
v 0.139069 0.084784 2.103124
v 0.397671 0.251315 2.274492
v 0.398197 0.189068 2.223406
v 0.138110 0.198250 2.232744
v 0.137699 0.246982 2.272739
v 0.396521 0.387539 2.369898
v 0.395823 0.470081 2.414020
v 0.396921 0.340178 2.344583
v 0.136842 0.348379 2.350140
v 0.136546 0.383432 2.368877
v 0.135721 0.481053 2.421059
v 0.394546 0.621298 2.467533
v 0.395447 0.514632 2.435175
v 0.135473 0.510484 2.434583
v 0.134449 0.631672 2.471346
v 0.383972 1.872975 1.377934
v 0.123985 1.870334 1.373416
v 0.384191 1.847064 1.248472
v 0.384169 1.849726 1.257247
v 0.124148 1.851051 1.268854
v 0.124214 1.843324 1.243382
v 0.384947 1.757553 1.027656
v 0.384594 1.799366 1.105885
v 0.124563 1.802015 1.114952
v 0.124974 1.753360 1.023921
v 0.386120 1.618799 0.832279
v 0.385999 1.633015 0.849603
v 0.385411 1.702718 0.934538
v 0.125360 1.707580 0.943140
v 0.126037 1.627529 0.845593
v 0.126069 1.623662 0.840881
v 0.386980 1.516969 0.738397
v 0.127015 1.511702 0.735876
v 0.388341 1.355882 0.630651
v 0.387781 1.422148 0.666072
v 0.127714 1.428943 0.670878
v 0.128369 1.351445 0.629453
v 0.129033 1.272872 0.587454
v 0.273902 1.267499 0.583927
v 0.394947 0.573855 2.395921
v 0.391811 0.945078 0.513645
v 0.390849 1.058907 0.524857
v 0.389118 1.263789 0.582507
v 0.389851 1.177033 0.556189
v 0.386144 1.615892 0.845976
v 0.384545 1.805194 1.342613
v 0.385002 1.751076 1.198453
v 0.387748 1.426054 0.743042
v 0.388865 1.293761 0.656003
v 0.392297 0.887483 0.560229
v 0.394285 0.652222 0.601717
v 0.398633 0.137458 0.936641
v 0.399408 0.045718 1.091817
v 0.396121 0.434902 2.345549
v 0.397112 0.317536 2.257293
v 0.398494 0.153954 2.088037
v 0.399235 0.066204 1.936138
v 0.399785 0.001166 1.757180
v 0.400028 -0.027638 1.546220
v 0.395597 0.496861 0.649219
v 0.397501 0.271441 0.796729
v 0.385550 1.686165 1.012537
v 0.399709 0.010131 1.288072
v 0.390325 1.120928 0.601568
v 0.129874 1.173213 0.555696
v 0.130761 1.068238 0.525992
v 0.131837 0.940891 0.513449
v 0.126076 1.622871 0.844607
v 0.124476 1.812284 1.343166
v 0.124933 1.758167 1.199006
v 0.127684 1.432447 0.739926
v 0.128814 1.298767 0.650952
v 0.132260 0.890819 0.553949
v 0.134255 0.654608 0.595018
v 0.138587 0.141859 0.942227
v 0.136073 0.439448 2.340080
v 0.137055 0.323169 2.252952
v 0.134904 0.577770 2.389984
v 0.137467 0.274362 0.803212
v 0.139169 0.072928 1.933820
v 0.139352 0.051273 1.096258
v 0.139716 0.008139 1.758577
v 0.139965 -0.021248 1.549341
v 0.139646 0.016522 1.291193
v 0.130288 1.124264 0.595288
v 0.135563 0.499782 0.655702
v 0.125482 1.693144 1.011168
v 0.138437 0.159587 2.083696
vn 0.0008 -0.0980 -0.9952
vn 0.0025 -0.2903 -0.9569
vn 0.0040 -0.4714 -0.8819
vn 0.0054 -0.6344 -0.7730
vn 0.0065 -0.7730 -0.6344
vn 0.0074 -0.8819 -0.4714
vn 0.0081 -0.9569 -0.2903
vn 0.0084 -0.9951 -0.0980
vn 0.0084 -0.9951 0.0980
vn 0.0081 -0.9569 0.2903
vn 0.0074 -0.8819 0.4714
vn 0.0065 -0.7730 0.6344
vn 0.0054 -0.6344 0.7730
vn 0.0040 -0.4714 0.8819
vn 0.0025 -0.2903 0.9569
vn 0.0008 -0.0980 0.9952
vn -0.0008 0.0980 0.9952
vn -0.0025 0.2903 0.9569
vn -0.0040 0.4714 0.8819
vn -0.0054 0.6344 0.7730
vn -0.0065 0.7730 0.6344
vn -0.0074 0.8819 0.4714
vn -0.0081 0.9569 0.2903
vn -0.0084 0.9951 0.0980
vn -0.0084 0.9951 -0.0980
vn -0.0081 0.9569 -0.2903
vn -0.0074 0.8819 -0.4714
vn -0.0065 0.7730 -0.6344
vn -0.0054 0.6344 -0.7730
vn -0.0040 0.4714 -0.8819
vn 1.0000 0.0084 -0.0000
vn -0.0025 0.2903 -0.9569
vn -0.0008 0.0980 -0.9952
vn -1.0000 -0.0084 -0.0000
vn -0.0497 0.6259 -0.7783
vn 0.0499 0.7799 0.6239
vn -0.0775 0.8274 -0.5563
vn 0.0557 0.5607 0.8261
vn -0.0775 0.9273 -0.3663
vn 0.0557 0.3708 0.9270
vn -0.0775 0.9779 -0.1942
vn 0.0557 0.1988 0.9785
vn -0.0775 0.9970 -0.0015
vn 0.0557 0.0058 0.9984
vn -0.0775 0.9769 0.1990
vn 0.0557 -0.1950 0.9792
vn -0.1085 0.9465 0.3038
vn 0.0941 -0.2945 0.9510
vn -0.1317 0.9041 0.4064
vn 0.1369 -0.3895 0.9108
vn 0.0172 -0.7777 0.6284
vn -0.0449 0.6273 0.7775
vn -0.0252 -0.8335 0.5520
vn -0.0107 0.5524 0.8335
vn -0.0252 -0.8892 0.4568
vn -0.0107 0.4571 0.8893
vn -0.0252 -0.9677 0.2510
vn -0.0107 0.2513 0.9679
vn -0.0252 -0.9972 -0.0708
vn -0.0107 -0.0706 0.9974
vn -0.0252 -0.8248 -0.5649
vn -0.0107 -0.5648 0.8252
vn -0.0252 -0.6544 -0.7557
vn -0.0107 -0.7557 0.6548
vn -0.0252 -0.4737 -0.8803
vn -0.0107 -0.8804 0.4740
vn -0.0252 -0.2612 -0.9649
vn -0.0107 -0.9651 0.2616
vn -0.0252 -0.0205 -0.9995
vn -0.0107 -0.9997 0.0207
vn 0.0252 0.6777 -0.7349
vn 0.0107 -0.7353 -0.6777
vn 0.0252 0.7775 -0.6284
vn 0.0107 -0.6288 -0.7775
vn 0.0252 0.9257 -0.3774
vn 0.0107 -0.3778 -0.9258
vn 0.0252 0.9984 -0.0507
vn 0.0107 -0.0509 -0.9986
vn 0.0252 0.9779 0.2075
vn 0.0107 0.2073 -0.9782
vn 0.0252 0.8864 0.4623
vn 0.0107 0.4622 -0.8867
vt 0.993961 1.000000
vt 0.974095 1.000000
vt 0.973815 0.500000
vt 0.995535 0.500000
vt 0.953769 1.000000
vt 0.937500 1.000000
vt 0.937500 0.500000
vt 0.955254 0.500000
vt 0.914595 1.000000
vt 0.906250 1.000000
vt 0.906250 0.500000
vt 0.912280 0.500000
vt 0.936137 1.000000
vt 0.937027 0.500000
vt 0.875539 1.000000
vt 0.875000 1.000000
vt 0.875000 0.841223
vt 0.893818 1.000000
vt 0.894829 0.500000
vt 0.861206 0.500000
vt 0.874057 0.500000
vt 0.860246 1.000000
vt 0.830535 0.500000
vt 0.840738 0.500000
vt 0.842296 1.000000
vt 0.829632 1.000000
vt 0.799254 1.000000
vt 0.800091 0.500000
vt 0.808449 0.500000
vt 0.810163 1.000000
vt 0.759813 0.500000
vt 0.767788 0.500000
vt 0.769636 1.000000
vt 0.758837 1.000000
vt 0.720723 1.000000
vt 0.721561 0.500000
vt 0.731717 0.500000
vt 0.733275 1.000000
vt 0.687500 1.000000
vt 0.687500 0.500000
vt 0.694576 0.500000
vt 0.696283 1.000000
vt 0.680863 0.500000
vt 0.680309 1.000000
vt 0.648053 0.500000
vt 0.653577 0.500000
vt 0.655602 1.000000
vt 0.647661 1.000000
vt 0.620520 0.500000
vt 0.622866 1.000000
vt 0.610029 1.000000
vt 0.610469 0.500000
vt 0.562500 1.000000
vt 0.562500 0.500000
vt 0.566094 0.500000
vt 0.568474 1.000000
vt 0.590076 0.500000
vt 0.591956 1.000000
vt 0.583395 1.000000
vt 0.583740 0.500000
vt 0.531250 1.000000
vt 0.531250 0.500000
vt 0.540721 0.500000
vt 0.542815 1.000000
vt 0.560909 0.500000
vt 0.560584 1.000000
vt 0.508876 0.500000
vt 0.506535 1.000000
vt 0.475062 1.000000
vt 0.481034 0.500000
vt 0.483992 0.500000
vt 0.483466 1.000000
vt 0.454973 1.000000
vt 0.446764 1.000000
vt 0.451851 0.500000
vt 0.463652 0.500000
vt 0.429842 1.000000
vt 0.416195 1.000000
vt 0.419930 0.500000
vt 0.435199 0.500000
vt 0.386690 1.000000
vt 0.390397 0.500000
vt 0.400032 0.500000
vt 0.397129 1.000000
vt 0.360877 1.000000
vt 0.355271 1.000000
vt 0.358993 0.500000
vt 0.363886 0.500000
vt 0.333580 1.000000
vt 0.322646 1.000000
vt 0.326442 0.500000
vt 0.336673 0.500000
vt 0.304510 1.000000
vt 0.293401 1.000000
vt 0.297182 0.500000
vt 0.307639 0.500000
vt 0.269526 1.000000
vt 0.262320 1.000000
vt 0.264522 0.500000
vt 0.272792 0.500000
vt 0.228473 0.500000
vt 0.236839 0.500000
vt 0.233484 1.000000
vt 0.229197 1.000000
vt 0.209510 1.000000
vt 0.208048 1.000000
vt 0.207200 0.500000
vt 0.211443 0.500000
vt 0.184023 1.000000
vt 0.169882 1.000000
vt 0.169207 0.500000
vt 0.185661 0.500000
vt 0.131512 1.000000
vt 0.125000 1.000000
vt 0.125000 0.500000
vt 0.133286 0.500000
vt 0.152600 1.000000
vt 0.135085 1.000000
vt 0.134258 0.500000
vt 0.154374 0.500000
vt 0.108711 0.500000
vt 0.109344 1.000000
vt 0.090279 1.000000
vt 0.078300 1.000000
vt 0.077895 0.500000
vt 0.091904 0.500000
vt 0.062500 0.500000
vt 0.063692 0.500000
vt 0.062500 0.778498
vt 0.339084 0.027432
vt 0.341844 0.028269
vt 0.349776 0.032509
vt 0.358220 0.048942
vt 0.369587 0.043098
vt 0.380954 0.049174
vt 0.386389 0.070123
vt 0.402282 0.065995
vt 0.417222 0.078256
vt 0.425650 0.110745
vt 0.441349 0.106667
vt 0.448934 0.115909
vt 0.446710 0.147201
vt 0.466628 0.148608
vt 0.471731 0.158156
vt 0.475569 0.170809
vt 0.462320 0.190150
vt 0.485680 0.206135
vt 0.487532 0.224941
vt 0.469234 0.240781
vt 0.488696 0.263240
vt 0.487102 0.279421
vt 0.460168 0.302736
vt 0.477520 0.322760
vt 0.472753 0.338477
vt 0.451627 0.349838
vt 0.459572 0.364592
vt 0.450585 0.381406
vt 0.429609 0.387080
vt 0.433798 0.402534
vt 0.419706 0.419706
vt 0.419078 0.420220
vt 0.397452 0.420659
vt 0.397805 0.437679
vt 0.383337 0.449553
vt 0.372257 0.455475
vt 0.343349 0.456061
vt 0.343654 0.470763
vt 0.341844 0.471731
vt 0.318405 0.478841
vt 0.306061 0.467462
vt 0.288813 0.486177
vt 0.259048 0.489109
vt 0.249596 0.477418
vt 0.235773 0.488599
vt 0.208453 0.485908
vt 0.193568 0.467497
vt 0.180102 0.478388
vt 0.159280 0.472072
vt 0.152086 0.454433
vt 0.137177 0.460517
vt 0.121272 0.452016
vt 0.120335 0.433544
vt 0.098514 0.434658
vt 0.080294 0.419706
vt 0.074074 0.412127
vt 0.074772 0.408839
vt 0.070662 0.407969
vt 0.053933 0.387585
vt 0.057906 0.368865
vt 0.040772 0.365236
vt 0.030737 0.346461
vt 0.042327 0.324245
vt 0.019289 0.312240
vt 0.018650 0.310134
vt 0.029338 0.289647
vt 0.013070 0.281170
vt 0.012437 0.274745
vt 0.033230 0.248769
vt 0.011818 0.231541
vt 0.012881 0.220745
vt 0.033907 0.206487
vt 0.019922 0.185671
vt 0.024777 0.169668
vt 0.042532 0.162575
vt 0.035470 0.144684
vt 0.043230 0.130166
vt 0.065882 0.125575
vt 0.061451 0.103255
vt 0.066806 0.096730
vt 0.093939 0.096586
vt 0.093899 0.069129
vt 0.106048 0.059159
vt 0.125853 0.063113
vt 0.129868 0.043389
vt 0.147987 0.033704
vt 0.166608 0.039485
vt 0.171503 0.024220
vt 0.183330 0.020632
vt 0.205286 0.030049
vt 0.212636 0.013680
vt 0.225228 0.012440
vt 0.238150 0.028434
vt 0.259792 0.010964
vt 0.296822 0.014612
vt 0.313483 0.019666
vt 0.324870 0.036853
vt 0.046997 0.500000
vt 0.061720 1.000000
vt 0.047267 1.000000
vt 0.027729 1.000000
vt 0.009495 1.000000
vt 0.009176 0.500000
vt 0.029576 0.500000
vt 0.517805 0.307349
vt 0.519659 0.313462
vt 0.540098 0.324112
vt 0.529574 0.344285
vt 0.541251 0.366133
vt 0.555704 0.369193
vt 0.552239 0.385520
vt 0.571452 0.408931
vt 0.572570 0.409168
vt 0.572380 0.410062
vt 0.580294 0.419706
vt 0.599251 0.435263
vt 0.618273 0.434291
vt 0.619114 0.450863
vt 0.637715 0.460805
vt 0.650358 0.455645
vt 0.656573 0.470885
vt 0.658156 0.471731
vt 0.680492 0.478507
vt 0.692240 0.469005
vt 0.705686 0.485635
vt 0.736251 0.488646
vt 0.748269 0.478926
vt 0.756690 0.489341
vt 0.789233 0.486136
vt 0.804961 0.469069
vt 0.816266 0.479490
vt 0.841844 0.471731
vt 0.842471 0.471396
vt 0.842121 0.454505
vt 0.875331 0.453832
vt 0.883337 0.449553
vt 0.896629 0.438644
vt 0.896224 0.419103
vt 0.920606 0.418608
vt 0.932881 0.403652
vt 0.928026 0.385739
vt 0.951690 0.379338
vt 0.958931 0.365791
vt 0.949767 0.348772
vt 0.973502 0.336008
vt 0.977154 0.323967
vt 0.958108 0.301987
vt 0.987375 0.276652
vt 0.988552 0.264703
vt 0.967173 0.240032
vt 0.987302 0.222607
vt 0.985803 0.207391
vt 0.960119 0.189815
vt 0.974823 0.168350
vt 0.971731 0.158156
vt 0.967021 0.149343
vt 0.944569 0.147757
vt 0.947000 0.113552
vt 0.941724 0.107124
vt 0.923771 0.111787
vt 0.914491 0.076015
vt 0.902795 0.066416
vt 0.884510 0.071165
vt 0.878459 0.047840
vt 0.870046 0.043343
vt 0.856602 0.050255
vt 0.846616 0.030820
vt 0.841844 0.028269
vt 0.839552 0.027574
vt 0.823403 0.038277
vt 0.810466 0.018751
vt 0.796822 0.014612
vt 0.763299 0.011310
vt 0.740218 0.029942
vt 0.726015 0.012362
vt 0.721583 0.012799
vt 0.715904 0.025447
vt 0.695833 0.016840
vt 0.678832 0.021997
vt 0.674378 0.035887
vt 0.655100 0.029902
vt 0.634827 0.040739
vt 0.630774 0.060648
vt 0.609427 0.056386
vt 0.598213 0.065589
vt 0.598253 0.093076
vt 0.569680 0.093228
vt 0.565006 0.098924
vt 0.569427 0.121195
vt 0.545425 0.126060
vt 0.538164 0.139644
vt 0.545226 0.157536
vt 0.526145 0.165159
vt 0.521575 0.180224
vt 0.535449 0.200875
vt 0.513363 0.215850
vt 0.512143 0.228241
vt 0.532216 0.244392
vt 0.511942 0.269719
vt 0.513177 0.282254
vt 0.527109 0.289514
vt 0.470274 0.593588
vt 0.375000 0.592779
vt 0.375000 0.625363
vt 0.464314 0.626121
vt 0.259583 0.592008
vt 0.262465 0.624611
vt 0.461224 0.626547
vt 0.461915 0.593913
vt 0.375000 0.593121
vt 0.375000 0.625762
vt 0.287011 0.592186
vt 0.282578 0.624780
vt 0.441672 0.626310
vt 0.441668 0.593674
vt 0.375000 0.593083
vt 0.375000 0.625719
vt 0.308775 0.592388
vt 0.303827 0.624972
vt 0.453710 0.626292
vt 0.453883 0.593662
vt 0.375000 0.592979
vt 0.375000 0.625612
vt 0.290171 0.624727
vt 0.294941 0.592145
vt 0.470186 0.593655
vt 0.375000 0.592856
vt 0.375000 0.625484
vt 0.470294 0.626285
vt 0.281011 0.591878
vt 0.276022 0.624455
vt 0.444786 0.593283
vt 0.375000 0.592714
vt 0.375000 0.625341
vt 0.445444 0.625914
vt 0.299597 0.624555
vt 0.305045 0.591985
vt 0.425434 0.625709
vt 0.430423 0.592973
vt 0.375000 0.592205
vt 0.375000 0.625009
vt 0.307647 0.591180
vt 0.305268 0.623949
vt 0.436735 0.592653
vt 0.375000 0.591395
vt 0.375000 0.624449
vt 0.422703 0.625421
vt 0.292699 0.589837
vt 0.299769 0.623025
vt 0.446341 0.657982
vt 0.453412 0.625496
vt 0.375000 0.625030
vt 0.375000 0.657558
vt 0.278433 0.657404
vt 0.272008 0.624867
vt 0.446584 0.657826
vt 0.456330 0.625318
vt 0.375000 0.625244
vt 0.375000 0.657761
vt 0.315820 0.658047
vt 0.307762 0.625569
vt 0.439149 0.657974
vt 0.450867 0.625468
vt 0.375000 0.625390
vt 0.375000 0.657908
vt 0.322540 0.625647
vt 0.330643 0.658126
vt 0.450146 0.658129
vt 0.458668 0.625621
vt 0.375000 0.625513
vt 0.375000 0.658032
vt 0.309439 0.625841
vt 0.318015 0.658317
vt 0.491537 0.658355
vt 0.503313 0.625851
vt 0.375000 0.625685
vt 0.375000 0.658205
vt 0.318710 0.658486
vt 0.310629 0.626007
vt 0.483918 0.658482
vt 0.494057 0.625979
vt 0.375000 0.625777
vt 0.375000 0.658298
vt 0.296895 0.626171
vt 0.305710 0.658647
vt 0.456392 0.658555
vt 0.465330 0.626055
vt 0.375000 0.625846
vt 0.375000 0.658366
vt 0.276769 0.658840
vt 0.266994 0.626366
vt 0.467430 0.626114
vt 0.375000 0.625877
vt 0.375000 0.658397
vt 0.459022 0.658612
vt 0.271858 0.658871
vt 0.261700 0.626398
vt 0.509390 0.626182
vt 0.375000 0.625837
vt 0.375000 0.658357
vt 0.498674 0.658674
vt 0.274062 0.626302
vt 0.283044 0.658780
vt 0.458272 0.658546
vt 0.468558 0.626055
vt 0.375000 0.625800
vt 0.375000 0.658319
vt 0.307912 0.626094
vt 0.316840 0.658574
vt 0.450437 0.658436
vt 0.460107 0.625945
vt 0.375000 0.625704
vt 0.375000 0.658222
vt 0.310583 0.625969
vt 0.319423 0.658450
vt 0.453626 0.647981
vt 0.459663 0.625808
vt 0.375000 0.625564
vt 0.375000 0.658081
vt 0.450093 0.658297
vt 0.307155 0.625822
vt 0.315908 0.658305
vt 0.490314 0.625658
vt 0.375000 0.625326
vt 0.375000 0.657843
vt 0.475375 0.658131
vt 0.316358 0.625549
vt 0.323956 0.658037
vt 0.566705 0.091016
vt 0.571616 0.123528
vt 0.625000 0.123492
vt 0.625000 0.090976
vt 0.794453 0.626134
vt 0.786670 0.658615
vt 0.875000 0.659024
vt 0.875000 0.626508
vt 0.578495 0.123779
vt 0.625000 0.123742
vt 0.625000 0.091225
vt 0.572802 0.091267
vt 0.813300 0.658482
vt 0.875000 0.658775
vt 0.875000 0.626258
vt 0.821359 0.626003
vt 0.625000 0.091471
vt 0.542794 0.091538
vt 0.550741 0.124048
vt 0.625000 0.123988
vt 0.822562 0.625762
vt 0.814896 0.658243
vt 0.875000 0.658529
vt 0.875000 0.626012
vt 0.562150 0.106131
vt 0.567855 0.124237
vt 0.625000 0.124172
vt 0.625000 0.091654
vt 0.558858 0.091729
vt 0.827611 0.625593
vt 0.819116 0.658070
vt 0.875000 0.658346
vt 0.875000 0.625828
vt 0.560779 0.091893
vt 0.567389 0.124403
vt 0.625000 0.124314
vt 0.625000 0.091794
vt 0.799179 0.657824
vt 0.875000 0.658206
vt 0.875000 0.625686
vt 0.808903 0.625353
vt 0.621826 0.124521
vt 0.625000 0.124515
vt 0.625000 0.091994
vt 0.613332 0.092016
vt 0.860422 0.657933
vt 0.875000 0.658006
vt 0.875000 0.625485
vt 0.871035 0.625465
vt 0.558559 0.092193
vt 0.567052 0.124697
vt 0.625000 0.124589
vt 0.625000 0.092068
vt 0.823734 0.625154
vt 0.814222 0.657627
vt 0.875000 0.657932
vt 0.875000 0.625411
vt 0.538004 0.092328
vt 0.546004 0.124831
vt 0.625000 0.124658
vt 0.625000 0.092137
vt 0.795019 0.624951
vt 0.784846 0.657421
vt 0.875000 0.657863
vt 0.875000 0.625342
vt 0.544772 0.092370
vt 0.555160 0.124868
vt 0.625000 0.124715
vt 0.625000 0.092194
vt 0.811339 0.657494
vt 0.875000 0.657806
vt 0.875000 0.625285
vt 0.820479 0.625018
s 0
f 70/1/1 69/2/1 72/3/1 71/4/1
f 73/5/2 2/6/2 1/7/2 74/8/2
f 75/9/3 4/10/3 3/11/3 78/12/3
f 1/7/3 2/6/3 76/13/3 77/14/3
f 79/15/4 5/16/4 82/17/4
f 3/11/4 4/10/4 80/18/4 81/19/4
f 85/20/5 84/21/5 82/17/5 5/16/5 83/22/5
f 89/23/6 88/24/6 87/25/6 86/26/6
f 90/27/7 93/28/7 92/29/7 91/30/7
f 97/31/8 96/32/8 95/33/8 94/34/8
f 98/35/9 101/36/9 100/37/9 99/38/9
f 7/39/10 6/40/10 103/41/10 102/42/10
f 105/43/11 6/40/11 7/39/11 104/44/11
f 109/45/12 108/46/12 107/47/12 106/48/12
f 112/49/13 111/50/13 110/51/13 113/52/13
f 9/53/14 8/54/14 119/55/14 115/56/14
f 117/57/14 116/58/14 114/59/14 118/60/14
f 11/61/15 10/62/15 123/63/15 120/64/15
f 122/65/15 8/54/15 9/53/15 121/66/15
f 40/67/16 10/62/16 11/61/16 39/68/16
f 41/69/17 43/70/17 44/71/17 42/72/17
f 46/73/18 45/74/18 47/75/18 48/76/18
f 50/77/19 49/78/19 51/79/19 52/80/19
f 53/81/20 55/82/20 56/83/20 54/84/20
f 57/85/21 33/86/21 34/87/21 58/88/21
f 35/89/22 27/90/22 28/91/22 36/92/22
f 29/93/23 21/94/23 22/95/23 30/96/23
f 23/97/24 15/98/24 16/99/24 24/100/24
f 125/101/25 18/102/25 17/103/25 124/104/25
f 127/105/26 126/106/26 129/107/26 128/108/26
f 131/109/27 130/110/27 133/111/27 132/112/27
f 134/113/28 13/114/28 12/115/28 139/116/28
f 136/117/28 135/118/28 138/119/28 137/120/28
f 141/121/29 12/115/29 13/114/29 140/122/29
f 143/123/30 142/124/30 145/125/30 144/126/30
f 14/127/30 146/128/30 147/129/30
f 121/130/31 9/131/31 115/132/31 162/133/31 114/134/31 116/135/31 163/136/31 110/137/31 111/138/31 164/139/31 106/140/31 107/141/31 165/142/31 104/143/31 7/144/31 102/145/31 166/146/31 98/147/31 99/148/31 167/149/31 94/150/31 95/151/31 171/152/31 90/153/31 91/154/31 161/155/31 86/156/31 87/157/31 160/158/31 83/159/31 5/160/31 79/161/31 169/162/31 80/163/31 4/164/31 75/165/31 168/166/31 76/167/31 2/168/31 73/169/31 159/170/31 69/171/31 70/172/31 158/173/31 149/174/31 150/175/31 172/176/31 152/177/31 151/178/31 157/179/31 142/180/31 143/181/31 156/182/31 140/183/31 13/184/31 134/185/31 153/186/31 135/187/31 136/188/31 170/189/31 130/190/31 131/191/31 155/192/31 126/193/31 127/194/31 154/195/31 124/196/31 17/197/31 19/198/31 15/199/31 23/200/31 25/201/31 21/202/31 29/203/31 31/204/31 27/205/31 35/206/31 37/207/31 33/208/31 57/209/31 61/210/31 53/211/31 54/212/31 63/213/31 49/214/31 50/215/31 59/216/31 45/217/31 46/218/31 60/219/31 41/220/31 42/221/31 62/222/31 39/223/31 11/224/31 120/225/31 148/226/31
f 173/227/32 14/127/32 147/129/32 151/228/32 152/229/32
f 150/230/33 149/231/33 175/232/33 174/233/33
f 128/234/34 129/235/34 178/236/34 132/237/34 133/238/34 195/239/34 137/240/34 138/241/34 176/242/34 139/243/34 12/244/34 141/245/34 179/246/34 144/247/34 145/248/34 180/249/34 146/250/34 14/251/34 173/252/34 193/253/34 174/254/34 175/255/34 181/256/34 71/257/34 72/258/34 182/259/34 74/260/34 1/261/34 77/262/34 194/263/34 78/264/34 3/265/34 81/266/34 187/267/34 84/268/34 85/269/34 183/270/34 88/271/34 89/272/34 189/273/34 92/274/34 93/275/34 192/276/34 96/277/34 97/278/34 191/279/34 100/280/34 101/281/34 190/282/34 103/283/34 6/284/34 105/285/34 188/286/34 108/287/34 109/288/34 196/289/34 112/290/34 113/291/34 185/292/34 117/293/34 118/294/34 184/295/34 119/296/34 8/297/34 122/298/34 186/299/34 123/300/34 10/301/34 40/302/34 68/303/34 44/304/34 43/305/34 64/306/34 48/307/34 47/308/34 67/309/34 52/310/34 51/311/34 65/312/34 56/313/34 55/314/34 66/315/34 58/316/34 34/317/34 38/318/34 36/319/34 28/320/34 32/321/34 30/322/34 22/323/34 26/324/34 24/325/34 16/326/34 20/327/34 18/328/34 125/329/34 177/330/34
f 15/331/35 19/332/35 20/333/35 16/334/35
f 17/335/36 18/336/36 20/333/36 19/332/36
f 22/337/37 21/338/37 25/339/37 26/340/37
f 23/341/38 24/342/38 26/340/38 25/339/38
f 28/343/39 27/344/39 31/345/39 32/346/39
f 29/347/40 30/348/40 32/346/40 31/345/40
f 34/349/41 33/350/41 37/351/41 38/352/41
f 36/353/42 38/352/42 37/351/42 35/354/42
f 53/355/43 61/356/43 66/357/43 55/358/43
f 57/359/44 58/360/44 66/357/44 61/356/44
f 49/361/45 63/362/45 65/363/45 51/364/45
f 56/365/46 65/363/46 63/362/46 54/366/46
f 47/367/47 45/368/47 59/369/47 67/370/47
f 50/371/48 52/372/48 67/370/48 59/369/48
f 41/373/49 60/374/49 64/375/49 43/376/49
f 46/377/50 48/378/50 64/375/50 60/374/50
f 42/379/51 44/380/51 68/381/51 62/382/51
f 39/383/52 62/382/52 68/381/52 40/384/52
f 120/385/53 123/386/53 186/387/53 148/388/53
f 121/389/54 148/388/54 186/387/54 122/390/54
f 115/391/55 119/392/55 184/393/55 162/394/55
f 118/395/56 114/396/56 162/394/56 184/393/56
f 116/397/57 117/398/57 185/399/57 163/400/57
f 113/401/58 110/402/58 163/400/58 185/399/58
f 111/403/57 112/404/57 196/405/57 164/406/57
f 106/407/58 164/406/58 196/405/58 109/408/58
f 107/409/59 108/410/59 188/411/59 165/412/59
f 105/413/60 104/414/60 165/412/60 188/411/60
f 102/415/61 103/416/61 190/417/61 166/418/61
f 98/419/62 166/418/62 190/417/62 101/420/62
f 100/421/63 191/422/63 167/423/63 99/424/63
f 94/425/64 167/423/64 191/422/64 97/426/64
f 96/427/63 192/428/63 171/429/63 95/430/63
f 93/431/64 90/432/64 171/429/64 192/428/64
f 91/433/65 92/434/65 189/435/65 161/436/65
f 89/437/66 86/438/66 161/436/66 189/435/66
f 87/439/67 88/440/67 183/441/67 160/442/67
f 85/443/68 83/444/68 160/442/68 183/441/68
f 82/445/69 84/446/69 187/447/69 169/448/69 79/449/69
f 81/450/70 80/451/70 169/448/70 187/447/70
f 78/452/69 194/453/69 168/454/69 75/455/69
f 77/456/70 76/457/70 168/454/70 194/453/70
f 73/458/71 74/459/71 182/460/71 159/461/71
f 72/462/72 69/463/72 159/464/72 182/465/72
f 71/466/73 181/467/73 158/468/73 70/469/73
f 149/470/74 158/471/74 181/472/74 175/473/74
f 172/474/73 150/475/73 174/476/73 193/477/73
f 173/478/74 152/479/74 172/480/74 193/481/74
f 147/482/75 146/483/75 180/484/75 157/485/75 151/486/75
f 145/487/76 142/488/76 157/489/76 180/490/76
f 143/491/77 144/492/77 179/493/77 156/494/77
f 140/495/78 156/496/78 179/497/78 141/498/78
f 139/499/79 176/500/79 153/501/79 134/502/79
f 135/503/80 153/504/80 176/505/80 138/506/80
f 136/507/79 137/508/79 195/509/79 170/510/79
f 133/511/80 130/512/80 170/513/80 195/514/80
f 131/515/81 132/516/81 178/517/81 155/518/81
f 129/519/82 126/520/82 155/521/82 178/522/82
f 127/523/81 128/524/81 177/525/81 154/526/81
f 124/527/82 154/528/82 177/529/82 125/530/82
o Cylinder.003
v 0.355970 0.886869 1.157807
v 0.755947 0.882538 1.157807
v 0.355231 0.818592 1.164532
v 0.755208 0.814260 1.164532
v 0.354520 0.752938 1.184449
v 0.754497 0.748607 1.184449
v 0.353865 0.692431 1.216792
v 0.753841 0.688100 1.216792
v 0.353290 0.639396 1.260319
v 0.753267 0.635065 1.260319
v 0.352819 0.595872 1.313357
v 0.752796 0.591541 1.313357
v 0.352469 0.563530 1.373868
v 0.752445 0.559199 1.373868
v 0.352253 0.543615 1.439525
v 0.752230 0.539283 1.439525
v 0.352180 0.536890 1.507807
v 0.752157 0.532559 1.507807
v 0.352253 0.543615 1.576088
v 0.752230 0.539283 1.576088
v 0.352469 0.563530 1.641746
v 0.752445 0.559199 1.641746
v 0.352819 0.595872 1.702256
v 0.752796 0.591541 1.702256
v 0.353290 0.639396 1.755294
v 0.753267 0.635065 1.755294
v 0.353865 0.692431 1.798821
v 0.753841 0.688100 1.798821
v 0.354520 0.752938 1.831165
v 0.754497 0.748607 1.831165
v 0.355231 0.818592 1.851082
v 0.755208 0.814260 1.851082
v 0.355970 0.886869 1.857807
v 0.755947 0.882538 1.857807
v 0.356710 0.955147 1.851082
v 0.756686 0.950816 1.851082
v 0.357421 1.020801 1.831165
v 0.757397 1.016469 1.831165
v 0.358076 1.081307 1.798821
v 0.758052 1.076976 1.798821
v 0.358650 1.134342 1.755294
v 0.758627 1.130011 1.755294
v 0.359122 1.177867 1.702256
v 0.759098 1.173535 1.702256
v 0.359472 1.210208 1.641746
v 0.759448 1.205877 1.641746
v 0.359687 1.230124 1.576088
v 0.759664 1.225793 1.576088
v 0.359760 1.236849 1.507807
v 0.759737 1.232517 1.507807
v 0.359687 1.230124 1.439525
v 0.759664 1.225793 1.439525
v 0.359472 1.210208 1.373868
v 0.759448 1.205877 1.373868
v 0.359122 1.177867 1.313357
v 0.759098 1.173535 1.313357
v 0.358650 1.134342 1.260319
v 0.758627 1.130011 1.260319
v 0.358076 1.081307 1.216792
v 0.758052 1.076976 1.216792
v 0.357421 1.020801 1.184449
v 0.757397 1.016469 1.184449
v 0.356710 0.955147 1.164532
v 0.756686 0.950816 1.164532
vn -0.0011 -0.0980 -0.9952
vn -0.0031 -0.2903 -0.9569
vn -0.0051 -0.4714 -0.8819
vn -0.0069 -0.6344 -0.7730
vn -0.0084 -0.7730 -0.6344
vn -0.0095 -0.8819 -0.4714
vn -0.0104 -0.9569 -0.2903
vn -0.0108 -0.9951 -0.0980
vn -0.0108 -0.9951 0.0980
vn -0.0104 -0.9569 0.2903
vn -0.0095 -0.8819 0.4714
vn -0.0084 -0.7730 0.6344
vn -0.0069 -0.6344 0.7730
vn -0.0051 -0.4714 0.8819
vn -0.0031 -0.2903 0.9569
vn -0.0011 -0.0980 0.9952
vn 0.0011 0.0980 0.9952
vn 0.0031 0.2903 0.9569
vn 0.0051 0.4714 0.8819
vn 0.0069 0.6344 0.7730
vn 0.0084 0.7730 0.6344
vn 0.0095 0.8819 0.4714
vn 0.0104 0.9569 0.2903
vn 0.0108 0.9951 0.0980
vn 0.0108 0.9951 -0.0980
vn 0.0104 0.9569 -0.2903
vn 0.0095 0.8819 -0.4714
vn 0.0084 0.7730 -0.6344
vn 0.0069 0.6344 -0.7730
vn 0.0051 0.4714 -0.8819
vn 0.9999 -0.0108 -0.0000
vn 0.0031 0.2903 -0.9569
vn 0.0011 0.0980 -0.9952
vn -0.9999 0.0108 -0.0000
vt 1.000000 0.500000
vt 1.000000 1.000000
vt 0.968750 1.000000
vt 0.968750 0.500000
vt 0.937500 1.000000
vt 0.937500 0.500000
vt 0.906250 1.000000
vt 0.906250 0.500000
vt 0.875000 1.000000
vt 0.875000 0.500000
vt 0.843750 1.000000
vt 0.843750 0.500000
vt 0.812500 1.000000
vt 0.812500 0.500000
vt 0.781250 1.000000
vt 0.781250 0.500000
vt 0.750000 1.000000
vt 0.750000 0.500000
vt 0.718750 1.000000
vt 0.718750 0.500000
vt 0.687500 1.000000
vt 0.687500 0.500000
vt 0.656250 1.000000
vt 0.656250 0.500000
vt 0.625000 1.000000
vt 0.625000 0.500000
vt 0.593750 1.000000
vt 0.593750 0.500000
vt 0.562500 1.000000
vt 0.562500 0.500000
vt 0.531250 1.000000
vt 0.531250 0.500000
vt 0.500000 1.000000
vt 0.500000 0.500000
vt 0.468750 1.000000
vt 0.468750 0.500000
vt 0.437500 1.000000
vt 0.437500 0.500000
vt 0.406250 1.000000
vt 0.406250 0.500000
vt 0.375000 1.000000
vt 0.375000 0.500000
vt 0.343750 1.000000
vt 0.343750 0.500000
vt 0.312500 1.000000
vt 0.312500 0.500000
vt 0.281250 1.000000
vt 0.281250 0.500000
vt 0.250000 1.000000
vt 0.250000 0.500000
vt 0.218750 1.000000
vt 0.218750 0.500000
vt 0.187500 1.000000
vt 0.187500 0.500000
vt 0.156250 1.000000
vt 0.156250 0.500000
vt 0.125000 1.000000
vt 0.125000 0.500000
vt 0.093750 1.000000
vt 0.093750 0.500000
vt 0.062500 1.000000
vt 0.062500 0.500000
vt 0.296822 0.485388
vt 0.250000 0.490000
vt 0.203178 0.485388
vt 0.158156 0.471731
vt 0.116663 0.449553
vt 0.080294 0.419706
vt 0.050447 0.383337
vt 0.028269 0.341844
vt 0.014612 0.296822
vt 0.010000 0.250000
vt 0.014612 0.203178
vt 0.028269 0.158156
vt 0.050447 0.116663
vt 0.080294 0.080294
vt 0.116663 0.050447
vt 0.158156 0.028269
vt 0.203178 0.014612
vt 0.250000 0.010000
vt 0.296822 0.014612
vt 0.341844 0.028269
vt 0.383337 0.050447
vt 0.419706 0.080294
vt 0.449553 0.116663
vt 0.471731 0.158156
vt 0.485388 0.203178
vt 0.490000 0.250000
vt 0.485388 0.296822
vt 0.471731 0.341844
vt 0.449553 0.383337
vt 0.419706 0.419706
vt 0.383337 0.449553
vt 0.341844 0.471731
vt 0.031250 1.000000
vt 0.031250 0.500000
vt 0.000000 1.000000
vt 0.000000 0.500000
vt 0.750000 0.490000
vt 0.796822 0.485388
vt 0.841844 0.471731
vt 0.883337 0.449553
vt 0.919706 0.419706
vt 0.949553 0.383337
vt 0.971731 0.341844
vt 0.985388 0.296822
vt 0.990000 0.250000
vt 0.985388 0.203178
vt 0.971731 0.158156
vt 0.949553 0.116663
vt 0.919706 0.080294
vt 0.883337 0.050447
vt 0.841844 0.028269
vt 0.796822 0.014612
vt 0.750000 0.010000
vt 0.703178 0.014612
vt 0.658156 0.028269
vt 0.616663 0.050447
vt 0.580294 0.080294
vt 0.550447 0.116663
vt 0.528269 0.158156
vt 0.514612 0.203178
vt 0.510000 0.250000
vt 0.514612 0.296822
vt 0.528269 0.341844
vt 0.550447 0.383337
vt 0.580294 0.419706
vt 0.616663 0.449553
vt 0.658156 0.471731
vt 0.703178 0.485388
s 0
f 197/531/83 198/532/83 200/533/83 199/534/83
f 199/534/84 200/533/84 202/535/84 201/536/84
f 201/536/85 202/535/85 204/537/85 203/538/85
f 203/538/86 204/537/86 206/539/86 205/540/86
f 205/540/87 206/539/87 208/541/87 207/542/87
f 207/542/88 208/541/88 210/543/88 209/544/88
f 209/544/89 210/543/89 212/545/89 211/546/89
f 211/546/90 212/545/90 214/547/90 213/548/90
f 213/548/91 214/547/91 216/549/91 215/550/91
f 215/550/92 216/549/92 218/551/92 217/552/92
f 217/552/93 218/551/93 220/553/93 219/554/93
f 219/554/94 220/553/94 222/555/94 221/556/94
f 221/556/95 222/555/95 224/557/95 223/558/95
f 223/558/96 224/557/96 226/559/96 225/560/96
f 225/560/97 226/559/97 228/561/97 227/562/97
f 227/562/98 228/561/98 230/563/98 229/564/98
f 229/564/99 230/563/99 232/565/99 231/566/99
f 231/566/100 232/565/100 234/567/100 233/568/100
f 233/568/101 234/567/101 236/569/101 235/570/101
f 235/570/102 236/569/102 238/571/102 237/572/102
f 237/572/103 238/571/103 240/573/103 239/574/103
f 239/574/104 240/573/104 242/575/104 241/576/104
f 241/576/105 242/575/105 244/577/105 243/578/105
f 243/578/106 244/577/106 246/579/106 245/580/106
f 245/580/107 246/579/107 248/581/107 247/582/107
f 247/582/108 248/581/108 250/583/108 249/584/108
f 249/584/109 250/583/109 252/585/109 251/586/109
f 251/586/110 252/585/110 254/587/110 253/588/110
f 253/588/111 254/587/111 256/589/111 255/590/111
f 255/590/112 256/589/112 258/591/112 257/592/112
f 200/593/113 198/594/113 260/595/113 258/596/113 256/597/113 254/598/113 252/599/113 250/600/113 248/601/113 246/602/113 244/603/113 242/604/113 240/605/113 238/606/113 236/607/113 234/608/113 232/609/113 230/610/113 228/611/113 226/612/113 224/613/113 222/614/113 220/615/113 218/616/113 216/617/113 214/618/113 212/619/113 210/620/113 208/621/113 206/622/113 204/623/113 202/624/113
f 257/592/114 258/591/114 260/625/114 259/626/114
f 259/626/115 260/625/115 198/627/115 197/628/115
f 197/629/116 199/630/116 201/631/116 203/632/116 205/633/116 207/634/116 209/635/116 211/636/116 213/637/116 215/638/116 217/639/116 219/640/116 221/641/116 223/642/116 225/643/116 227/644/116 229/645/116 231/646/116 233/647/116 235/648/116 237/649/116 239/650/116 241/651/116 243/652/116 245/653/116 247/654/116 249/655/116 251/656/116 253/657/116 255/658/116 257/659/116 259/660/116
o Cube.001
v 1.125036 0.312714 2.578366
v 1.121822 0.478429 2.828422
v -0.874216 0.342813 2.532723
v -0.877430 0.508528 2.782779
v 1.132581 0.562750 2.412761
v 1.129367 0.728465 2.662817
v -0.866671 0.592849 2.367118
v -0.869885 0.758564 2.617174
vn -0.0252 -0.8335 0.5520
vn -0.9996 0.0150 -0.0228
vn 0.0252 0.8335 -0.5520
vn 0.9996 -0.0150 0.0228
vn 0.0107 -0.5524 -0.8335
vn -0.0107 0.5524 0.8335
vt 0.375000 0.000000
vt 0.625000 0.000000
vt 0.625000 0.250000
vt 0.375000 0.250000
vt 0.625000 0.500000
vt 0.375000 0.500000
vt 0.625000 0.750000
vt 0.375000 0.750000
vt 0.625000 1.000000
vt 0.375000 1.000000
vt 0.125000 0.500000
vt 0.125000 0.750000
vt 0.875000 0.500000
vt 0.875000 0.750000
s 0
f 261/661/117 262/662/117 264/663/117 263/664/117
f 263/664/118 264/663/118 268/665/118 267/666/118
f 267/666/119 268/665/119 266/667/119 265/668/119
f 265/668/120 266/667/120 262/669/120 261/670/120
f 263/671/121 267/666/121 265/668/121 261/672/121
f 268/665/122 264/673/122 262/674/122 266/667/122
o Cube.002
v 1.125036 0.155259 2.498067
v 1.121822 0.292396 2.764868
v -0.874216 0.190206 2.456020
v -0.877430 0.327343 2.722822
v 1.132581 0.422028 2.361037
v 1.129367 0.559165 2.627839
v -0.866671 0.456976 2.318991
v -0.869885 0.594113 2.585792
vn -0.0252 -0.8892 0.4568
vn -0.9996 0.0175 -0.0210
vn 0.0252 0.8892 -0.4568
vn 0.9996 -0.0175 0.0210
vn 0.0107 -0.4571 -0.8893
vn -0.0107 0.4571 0.8893
vt 0.375000 0.000000
vt 0.625000 0.000000
vt 0.625000 0.250000
vt 0.375000 0.250000
vt 0.625000 0.500000
vt 0.375000 0.500000
vt 0.625000 0.750000
vt 0.375000 0.750000
vt 0.625000 1.000000
vt 0.375000 1.000000
vt 0.125000 0.500000
vt 0.125000 0.750000
vt 0.875000 0.500000
vt 0.875000 0.750000
s 0
f 269/675/123 270/676/123 272/677/123 271/678/123
f 271/678/124 272/677/124 276/679/124 275/680/124
f 275/680/125 276/679/125 274/681/125 273/682/125
f 273/682/126 274/681/126 270/683/126 269/684/126
f 271/685/127 275/680/127 273/682/127 269/686/127
f 276/679/128 272/687/128 270/688/128 274/681/128
o Cube.003
v 1.125036 0.011303 2.344857
v 1.121822 0.086687 2.635213
v -0.874217 0.054610 2.311484
v -0.877430 0.129994 2.601840
v 1.132581 0.301604 2.269570
v 1.129367 0.376989 2.559927
v -0.866671 0.344911 2.236197
v -0.869885 0.420296 2.526553
vn -0.0252 -0.9677 0.2510
vn -0.9996 0.0217 -0.0167
vn 0.0252 0.9677 -0.2510
vn 0.9996 -0.0217 0.0167
vn 0.0107 -0.2513 -0.9679
vn -0.0107 0.2513 0.9679
vt 0.375000 0.000000
vt 0.625000 0.000000
vt 0.625000 0.250000
vt 0.375000 0.250000
vt 0.625000 0.500000
vt 0.375000 0.500000
vt 0.625000 0.750000
vt 0.375000 0.750000
vt 0.625000 1.000000
vt 0.375000 1.000000
vt 0.125000 0.500000
vt 0.125000 0.750000
vt 0.875000 0.500000
vt 0.875000 0.750000
s 0
f 277/689/129 278/690/129 280/691/129 279/692/129
f 279/692/130 280/691/130 284/693/130 283/694/130
f 283/694/131 284/693/131 282/695/131 281/696/131
f 281/696/132 282/695/132 278/697/132 277/698/132
f 279/699/133 283/694/133 281/696/133 277/700/133
f 284/693/134 280/701/134 278/702/134 282/695/134
o Cube.005
v 1.125036 -0.152249 2.175578
v 1.121822 -0.076865 2.465934
v -0.874217 -0.108942 2.142204
v -0.877430 -0.033558 2.432561
v 1.132581 0.138053 2.100291
v 1.129367 0.213437 2.390647
v -0.866671 0.181359 2.066918
v -0.869885 0.256744 2.357274
vn -0.0252 -0.9677 0.2510
vn -0.9996 0.0217 -0.0167
vn 0.0252 0.9677 -0.2510
vn 0.9996 -0.0217 0.0167
vn 0.0107 -0.2513 -0.9679
vn -0.0107 0.2513 0.9679
vt 0.375000 0.000000
vt 0.625000 0.000000
vt 0.625000 0.250000
vt 0.375000 0.250000
vt 0.625000 0.500000
vt 0.375000 0.500000
vt 0.625000 0.750000
vt 0.375000 0.750000
vt 0.625000 1.000000
vt 0.375000 1.000000
vt 0.125000 0.500000
vt 0.125000 0.750000
vt 0.875000 0.500000
vt 0.875000 0.750000
s 0
f 285/703/135 286/704/135 288/705/135 287/706/135
f 287/706/136 288/705/136 292/707/136 291/708/136
f 291/708/137 292/707/137 290/709/137 289/710/137
f 289/710/138 290/709/138 286/711/138 285/712/138
f 287/713/139 291/708/139 289/710/139 285/714/139
f 292/707/140 288/715/140 286/716/140 290/709/140
o Cube.006
v 1.125036 -0.251908 1.921423
v 1.121822 -0.273083 2.220658
v -0.874216 -0.200218 1.903607
v -0.877430 -0.221393 2.202842
v 1.132581 0.047243 1.942673
v 1.129367 0.026069 2.241907
v -0.866671 0.098933 1.924857
v -0.869885 0.077759 2.224092
vn -0.0252 -0.9972 -0.0708
vn -0.9996 0.0258 -0.0089
vn 0.0252 0.9972 0.0708
vn 0.9996 -0.0258 0.0089
vn 0.0107 0.0706 -0.9974
vn -0.0107 -0.0706 0.9974
vt 0.375000 0.000000
vt 0.625000 0.000000
vt 0.625000 0.250000
vt 0.375000 0.250000
vt 0.625000 0.500000
vt 0.375000 0.500000
vt 0.625000 0.750000
vt 0.375000 0.750000
vt 0.625000 1.000000
vt 0.375000 1.000000
vt 0.125000 0.500000
vt 0.125000 0.750000
vt 0.875000 0.500000
vt 0.875000 0.750000
s 0
f 293/717/141 294/718/141 296/719/141 295/720/141
f 295/720/142 296/719/142 300/721/142 299/722/142
f 299/722/143 300/721/143 298/723/143 297/724/143
f 297/724/144 298/723/144 294/725/144 293/726/144
f 295/727/145 299/722/145 297/724/145 293/728/145
f 300/721/146 296/729/146 294/730/146 298/723/146
o Cube.007
v 1.125036 -0.265927 1.583789
v 1.121822 -0.435360 1.831342
v -0.874216 -0.212317 1.594525
v -0.877430 -0.381750 1.842077
v 1.132581 -0.018484 1.753245
v 1.129367 -0.187918 2.000798
v -0.866671 0.035125 1.763981
v -0.869885 -0.134308 2.011533
vn -0.0252 -0.8248 -0.5649
vn -0.9996 0.0268 0.0054
vn 0.0252 0.8248 0.5649
vn 0.9996 -0.0268 -0.0054
vn 0.0107 0.5648 -0.8252
vn -0.0107 -0.5648 0.8252
vt 0.375000 0.000000
vt 0.625000 0.000000
vt 0.625000 0.250000
vt 0.375000 0.250000
vt 0.625000 0.500000
vt 0.375000 0.500000
vt 0.625000 0.750000
vt 0.375000 0.750000
vt 0.625000 1.000000
vt 0.375000 1.000000
vt 0.125000 0.500000
vt 0.125000 0.750000
vt 0.875000 0.500000
vt 0.875000 0.750000
s 0
f 301/731/147 302/732/147 304/733/147 303/734/147
f 303/734/148 304/733/148 308/735/148 307/736/148
f 307/736/149 308/735/149 306/737/149 305/738/149
f 305/738/150 306/737/150 302/739/150 301/740/150
f 303/741/151 307/736/151 305/738/151 301/742/151
f 308/735/152 304/743/152 302/744/152 306/737/152
o Cube.008
v 1.125036 -0.241966 1.310715
v 1.121822 -0.468686 1.507153
v -0.874216 -0.192837 1.334707
v -0.877430 -0.419557 1.531145
v 1.132581 -0.045640 1.537429
v 1.129367 -0.272360 1.733867
v -0.866671 0.003489 1.561421
v -0.869885 -0.223231 1.757859
vn -0.0252 -0.6544 -0.7557
vn -0.9996 0.0246 0.0120
vn 0.0252 0.6544 0.7557
vn 0.9996 -0.0246 -0.0120
vn 0.0107 0.7557 -0.6548
vn -0.0107 -0.7557 0.6548
vt 0.375000 0.000000
vt 0.625000 0.000000
vt 0.625000 0.250000
vt 0.375000 0.250000
vt 0.625000 0.500000
vt 0.375000 0.500000
vt 0.625000 0.750000
vt 0.375000 0.750000
vt 0.625000 1.000000
vt 0.375000 1.000000
vt 0.125000 0.500000
vt 0.125000 0.750000
vt 0.875000 0.500000
vt 0.875000 0.750000
s 0
f 309/745/153 310/746/153 312/747/153 311/748/153
f 311/748/154 312/747/154 316/749/154 315/750/154
f 315/750/155 316/749/155 314/751/155 313/752/155
f 313/752/156 314/751/156 310/753/156 309/754/156
f 311/755/157 315/750/157 313/752/157 309/756/157
f 316/749/158 312/757/158 310/758/158 314/751/158
o Cube.009
v 1.125036 -0.204205 1.052564
v 1.121822 -0.430924 1.249002
v -0.874216 -0.155076 1.076555
v -0.877430 -0.381795 1.272993
v 1.132581 -0.007879 1.279278
v 1.129367 -0.234598 1.475715
v -0.866671 0.041250 1.303269
v -0.869885 -0.185469 1.499707
vn -0.0252 -0.6544 -0.7557
vn -0.9996 0.0246 0.0120
vn 0.0252 0.6544 0.7557
vn 0.9996 -0.0246 -0.0120
vn 0.0107 0.7557 -0.6548
vn -0.0107 -0.7557 0.6548
vt 0.375000 0.000000
vt 0.625000 0.000000
vt 0.625000 0.250000
vt 0.375000 0.250000
vt 0.625000 0.500000
vt 0.375000 0.500000
vt 0.625000 0.750000
vt 0.375000 0.750000
vt 0.625000 1.000000
vt 0.375000 1.000000
vt 0.125000 0.500000
vt 0.125000 0.750000
vt 0.875000 0.500000
vt 0.875000 0.750000
s 0
f 317/759/159 318/760/159 320/761/159 319/762/159
f 319/762/160 320/761/160 324/763/160 323/764/160
f 323/764/161 324/763/161 322/765/161 321/766/161
f 321/766/162 322/765/162 318/767/162 317/768/162
f 319/769/163 323/764/163 321/766/163 317/770/163
f 324/763/164 320/771/164 318/772/164 322/765/164
o Cube.010
v 1.125036 -0.112044 0.815194
v 1.121822 -0.376178 0.957402
v -0.874216 -0.069337 0.849332
v -0.877430 -0.333471 0.991540
v 1.132581 0.030056 1.079298
v 1.129367 -0.234078 1.221506
v -0.866671 0.072763 1.113436
v -0.869885 -0.191371 1.255644
vn -0.0252 -0.4737 -0.8803
vn -0.9996 0.0214 0.0171
vn 0.0252 0.4737 0.8803
vn 0.9996 -0.0214 -0.0171
vn 0.0107 0.8804 -0.4740
vn -0.0107 -0.8804 0.4740
vt 0.375000 0.000000
vt 0.625000 0.000000
vt 0.625000 0.250000
vt 0.375000 0.250000
vt 0.625000 0.500000
vt 0.375000 0.500000
vt 0.625000 0.750000
vt 0.375000 0.750000
vt 0.625000 1.000000
vt 0.375000 1.000000
vt 0.125000 0.500000
vt 0.125000 0.750000
vt 0.875000 0.500000
vt 0.875000 0.750000
s 0
f 325/773/165 326/774/165 328/775/165 327/776/165
f 327/776/166 328/775/166 332/777/166 331/778/166
f 331/778/167 332/777/167 330/779/167 329/780/167
f 329/780/168 330/779/168 326/781/168 325/782/168
f 327/783/169 331/778/169 329/780/169 325/784/169
f 332/777/170 328/785/170 326/786/170 330/779/170
o Cube.011
v 1.125036 0.046669 0.631389
v 1.121822 -0.242870 0.709857
v -0.874216 0.080501 0.674338
v -0.877430 -0.209037 0.752806
v 1.132581 0.125038 0.920874
v 1.129367 -0.164500 0.999341
v -0.866671 0.158870 0.963823
v -0.869885 -0.130668 1.042291
vn -0.0252 -0.2612 -0.9649
vn -0.9996 0.0169 0.0215
vn 0.0252 0.2612 0.9649
vn 0.9996 -0.0169 -0.0215
vn 0.0107 0.9651 -0.2616
vn -0.0107 -0.9651 0.2616
vt 0.375000 0.000000
vt 0.625000 0.000000
vt 0.625000 0.250000
vt 0.375000 0.250000
vt 0.625000 0.500000
vt 0.375000 0.500000
vt 0.625000 0.750000
vt 0.375000 0.750000
vt 0.625000 1.000000
vt 0.375000 1.000000
vt 0.125000 0.500000
vt 0.125000 0.750000
vt 0.875000 0.500000
vt 0.875000 0.750000
s 0
f 333/787/171 334/788/171 336/789/171 335/790/171
f 335/790/172 336/789/172 340/791/172 339/792/172
f 339/792/173 340/791/173 338/793/173 337/794/173
f 337/794/174 338/793/174 334/795/174 333/796/174
f 335/797/175 339/792/175 337/794/175 333/798/175
f 340/791/176 336/799/176 334/800/176 338/793/176
o Cube.012
v 1.125036 0.257042 0.478558
v 1.121822 -0.042876 0.484782
v -0.874216 0.279501 0.528407
v -0.877430 -0.020417 0.534631
v 1.132581 0.263184 0.778401
v 1.129367 -0.036735 0.784624
v -0.866671 0.285642 0.828249
v -0.869885 -0.014276 0.834473
vn -0.0252 -0.0205 -0.9995
vn -0.9996 0.0112 0.0249
vn 0.0252 0.0205 0.9995
vn 0.9996 -0.0112 -0.0249
vn 0.0107 0.9997 -0.0207
vn -0.0107 -0.9997 0.0207
vt 0.375000 0.000000
vt 0.625000 0.000000
vt 0.625000 0.250000
vt 0.375000 0.250000
vt 0.625000 0.500000
vt 0.375000 0.500000
vt 0.625000 0.750000
vt 0.375000 0.750000
vt 0.625000 1.000000
vt 0.375000 1.000000
vt 0.125000 0.500000
vt 0.125000 0.750000
vt 0.875000 0.500000
vt 0.875000 0.750000
s 0
f 341/801/177 342/802/177 344/803/177 343/804/177
f 343/804/178 344/803/178 348/805/178 347/806/178
f 347/806/179 348/805/179 346/807/179 345/808/179
f 345/808/180 346/807/180 342/809/180 341/810/180
f 343/811/181 347/806/181 345/808/181 341/812/181
f 348/805/182 344/813/182 342/814/182 346/807/182
o Cube.013
v 1.125036 0.482440 0.331001
v 1.121822 0.182522 0.337225
v -0.874216 0.504899 0.380849
v -0.877430 0.204981 0.387073
v 1.132581 0.488582 0.630843
v 1.129367 0.188663 0.637067
v -0.866671 0.511041 0.680691
v -0.869885 0.211122 0.686915
vn -0.0252 -0.0205 -0.9995
vn -0.9996 0.0112 0.0249
vn 0.0252 0.0205 0.9995
vn 0.9996 -0.0112 -0.0249
vn 0.0107 0.9997 -0.0207
vn -0.0107 -0.9997 0.0207
vt 0.375000 0.000000
vt 0.625000 0.000000
vt 0.625000 0.250000
vt 0.375000 0.250000
vt 0.625000 0.500000
vt 0.375000 0.500000
vt 0.625000 0.750000
vt 0.375000 0.750000
vt 0.625000 1.000000
vt 0.375000 1.000000
vt 0.125000 0.500000
vt 0.125000 0.750000
vt 0.875000 0.500000
vt 0.875000 0.750000
s 0
f 349/815/183 350/816/183 352/817/183 351/818/183
f 351/818/184 352/817/184 356/819/184 355/820/184
f 355/820/185 356/819/185 354/821/185 353/822/185
f 353/822/186 354/821/186 350/823/186 349/824/186
f 351/825/187 355/820/187 353/822/187 349/826/187
f 356/819/188 352/827/188 350/828/188 354/821/188
o Cube.014
v 1.125036 0.424964 0.417155
v 1.121822 0.645547 0.620460
v -0.874216 0.443306 0.365650
v -0.877430 0.663889 0.568954
v 1.132581 0.628275 0.196684
v 1.129367 0.848858 0.399988
v -0.866671 0.646617 0.145178
v -0.869885 0.867200 0.348483
vn -0.0252 -0.6777 0.7349
vn -0.9996 0.0092 -0.0258
vn 0.0252 0.6777 -0.7349
vn 0.9996 -0.0092 0.0258
vn 0.0107 -0.7353 -0.6777
vn -0.0107 0.7353 0.6777
vt 0.375000 0.000000
vt 0.625000 0.000000
vt 0.625000 0.250000
vt 0.375000 0.250000
vt 0.625000 0.500000
vt 0.375000 0.500000
vt 0.625000 0.750000
vt 0.375000 0.750000
vt 0.625000 1.000000
vt 0.375000 1.000000
vt 0.125000 0.500000
vt 0.125000 0.750000
vt 0.875000 0.500000
vt 0.875000 0.750000
s 0
f 357/829/189 358/830/189 360/831/189 359/832/189
f 359/832/190 360/831/190 364/833/190 363/834/190
f 363/834/191 364/833/191 362/835/191 361/836/191
f 361/836/192 362/835/192 358/837/192 357/838/192
f 359/839/193 363/834/193 361/836/193 357/840/193
f 364/833/194 360/841/194 358/842/194 362/835/194
o Cube.015
v 1.125036 0.689490 0.344597
v 1.121822 0.878126 0.577849
v -0.874217 0.715135 0.296311
v -0.877430 0.903770 0.529562
v 1.132581 0.922732 0.156074
v 1.129367 1.111368 0.389325
v -0.866671 0.948377 0.107787
v -0.869885 1.137012 0.341039
vn -0.0252 -0.7775 0.6284
vn -0.9996 0.0128 -0.0241
vn 0.0252 0.7775 -0.6284
vn 0.9996 -0.0128 0.0241
vn 0.0107 -0.6288 -0.7775
vn -0.0107 0.6288 0.7775
vt 0.375000 0.000000
vt 0.625000 0.000000
vt 0.625000 0.250000
vt 0.375000 0.250000
vt 0.625000 0.500000
vt 0.375000 0.500000
vt 0.625000 0.750000
vt 0.375000 0.750000
vt 0.625000 1.000000
vt 0.375000 1.000000
vt 0.125000 0.500000
vt 0.125000 0.750000
vt 0.875000 0.500000
vt 0.875000 0.750000
s 0
f 365/843/195 366/844/195 368/845/195 367/846/195
f 367/846/196 368/845/196 372/847/196 371/848/196
f 371/848/197 372/847/197 370/849/197 369/850/197
f 369/850/198 370/849/198 366/851/198 365/852/198
f 367/853/199 371/848/199 369/850/199 365/854/199
f 372/847/200 368/855/200 366/856/200 370/849/200
o Cube.016
v 1.125036 0.922910 0.385984
v 1.121822 1.111545 0.619236
v -0.874217 0.948554 0.337697
v -0.877430 1.137190 0.570949
v 1.132581 1.156152 0.197460
v 1.129367 1.344787 0.430712
v -0.866671 1.181796 0.149173
v -0.869885 1.370432 0.382425
vn -0.0252 -0.7775 0.6284
vn -0.9996 0.0128 -0.0241
vn 0.0252 0.7775 -0.6284
vn 0.9996 -0.0128 0.0241
vn 0.0107 -0.6288 -0.7775
vn -0.0107 0.6288 0.7775
vt 0.375000 0.000000
vt 0.625000 0.000000
vt 0.625000 0.250000
vt 0.375000 0.250000
vt 0.625000 0.500000
vt 0.375000 0.500000
vt 0.625000 0.750000
vt 0.375000 0.750000
vt 0.625000 1.000000
vt 0.375000 1.000000
vt 0.125000 0.500000
vt 0.125000 0.750000
vt 0.875000 0.500000
vt 0.875000 0.750000
s 0
f 373/857/201 374/858/201 376/859/201 375/860/201
f 375/860/202 376/859/202 380/861/202 379/862/202
f 379/862/203 380/861/203 378/863/203 377/864/203
f 377/864/204 378/863/204 374/865/204 373/866/204
f 375/867/205 379/862/205 377/864/205 373/868/205
f 380/861/206 376/869/206 374/870/206 378/863/206
o Cube.017
v 1.125036 1.166324 0.392489
v 1.121822 1.279652 0.670241
v -0.874216 1.204808 0.353653
v -0.877430 1.318136 0.631405
v 1.132581 1.444034 0.279265
v 1.129367 1.557363 0.557017
v -0.866671 1.482518 0.240428
v -0.869885 1.595847 0.518181
vn -0.0252 -0.9257 0.3774
vn -0.9996 0.0192 -0.0194
vn 0.0252 0.9257 -0.3774
vn 0.9996 -0.0192 0.0194
vn 0.0107 -0.3778 -0.9258
vn -0.0107 0.3778 0.9258
vt 0.375000 0.000000
vt 0.625000 0.000000
vt 0.625000 0.250000
vt 0.375000 0.250000
vt 0.625000 0.500000
vt 0.375000 0.500000
vt 0.625000 0.750000
vt 0.375000 0.750000
vt 0.625000 1.000000
vt 0.375000 1.000000
vt 0.125000 0.500000
vt 0.125000 0.750000
vt 0.875000 0.500000
vt 0.875000 0.750000
s 0
f 381/871/207 382/872/207 384/873/207 383/874/207
f 383/874/208 384/873/208 388/875/208 387/876/208
f 387/876/209 388/875/209 386/877/209 385/878/209
f 385/878/210 386/877/210 382/879/210 381/880/210
f 383/881/211 387/876/211 385/878/211 381/882/211
f 388/875/212 384/883/212 382/884/212 386/877/212
o Cube.018
v 1.125036 1.392728 0.452244
v 1.121822 1.408008 0.751837
v -0.874216 1.441875 0.428290
v -0.877430 1.457156 0.727883
v 1.132581 1.692248 0.437048
v 1.129367 1.707528 0.736641
v -0.866671 1.741395 0.413094
v -0.869885 1.756675 0.712687
vn -0.0252 -0.9984 0.0507
vn -0.9996 0.0246 -0.0120
vn 0.0252 0.9984 -0.0507
vn 0.9996 -0.0246 0.0120
vn 0.0107 -0.0509 -0.9986
vn -0.0107 0.0509 0.9986
vt 0.375000 0.000000
vt 0.625000 0.000000
vt 0.625000 0.250000
vt 0.375000 0.250000
vt 0.625000 0.500000
vt 0.375000 0.500000
vt 0.625000 0.750000
vt 0.375000 0.750000
vt 0.625000 1.000000
vt 0.375000 1.000000
vt 0.125000 0.500000
vt 0.125000 0.750000
vt 0.875000 0.500000
vt 0.875000 0.750000
s 0
f 389/885/213 390/886/213 392/887/213 391/888/213
f 391/888/214 392/887/214 396/889/214 395/890/214
f 395/890/215 396/889/215 394/891/215 393/892/215
f 393/892/216 394/891/216 390/893/216 389/894/216
f 391/895/217 395/890/217 393/892/217 389/896/217
f 396/889/218 392/897/218 390/898/218 394/891/218
o Cube.019
v 1.125036 1.658331 0.556382
v 1.121822 1.596150 0.849850
v -0.874216 1.711982 0.545855
v -0.877430 1.649801 0.839323
v 1.132581 1.951706 0.618627
v 1.129367 1.889524 0.912094
v -0.866671 2.005357 0.608100
v -0.869885 1.943175 0.901567
vn -0.0252 -0.9779 -0.2075
vn -0.9996 0.0268 -0.0053
vn 0.0252 0.9779 0.2075
vn 0.9996 -0.0268 0.0053
vn 0.0107 0.2073 -0.9782
vn -0.0107 -0.2073 0.9782
vt 0.375000 0.000000
vt 0.625000 0.000000
vt 0.625000 0.250000
vt 0.375000 0.250000
vt 0.625000 0.500000
vt 0.375000 0.500000
vt 0.625000 0.750000
vt 0.375000 0.750000
vt 0.625000 1.000000
vt 0.375000 1.000000
vt 0.125000 0.500000
vt 0.125000 0.750000
vt 0.875000 0.500000
vt 0.875000 0.750000
s 0
f 397/899/219 398/900/219 400/901/219 399/902/219
f 399/902/220 400/901/220 404/903/220 403/904/220
f 403/904/221 404/903/221 402/905/221 401/906/221
f 401/906/222 402/905/222 398/907/222 397/908/222
f 399/909/223 403/904/223 401/906/223 397/910/223
f 404/903/224 400/911/224 398/912/224 402/905/224
o Cube.020
v 1.125036 1.728588 0.722946
v 1.121822 1.666407 1.016414
v -0.874216 1.782239 0.712419
v -0.877430 1.720058 1.005887
v 1.132581 2.021963 0.785191
v 1.129367 1.959781 1.078658
v -0.866671 2.075614 0.774664
v -0.869885 2.013432 1.068131
vn -0.0252 -0.9779 -0.2075
vn -0.9996 0.0268 -0.0053
vn 0.0252 0.9779 0.2075
vn 0.9996 -0.0268 0.0053
vn 0.0107 0.2073 -0.9782
vn -0.0107 -0.2073 0.9782
vt 0.375000 0.000000
vt 0.625000 0.000000
vt 0.625000 0.250000
vt 0.375000 0.250000
vt 0.625000 0.500000
vt 0.375000 0.500000
vt 0.625000 0.750000
vt 0.375000 0.750000
vt 0.625000 1.000000
vt 0.375000 1.000000
vt 0.125000 0.500000
vt 0.125000 0.750000
vt 0.875000 0.500000
vt 0.875000 0.750000
s 0
f 405/913/225 406/914/225 408/915/225 407/916/225
f 407/916/226 408/915/226 412/917/226 411/918/226
f 411/918/227 412/917/227 410/919/227 409/920/227
f 409/920/228 410/919/228 406/921/228 405/922/228
f 407/923/229 411/918/229 409/920/229 405/924/229
f 412/917/230 408/925/230 406/926/230 410/919/230
o Cube.021
v 1.125036 1.869637 0.930865
v 1.121822 1.730987 1.196884
v -0.874216 1.924145 0.935121
v -0.877430 1.785495 1.201140
v 1.132581 2.135549 1.069551
v 1.129367 1.996900 1.335569
v -0.866671 2.190057 1.073806
v -0.869885 2.051408 1.339825
vn -0.0252 -0.8864 -0.4623
vn -0.9996 0.0273 0.0021
vn 0.0252 0.8864 0.4623
vn 0.9996 -0.0273 -0.0021
vn 0.0107 0.4622 -0.8867
vn -0.0107 -0.4622 0.8867
vt 0.375000 0.000000
vt 0.625000 0.000000
vt 0.625000 0.250000
vt 0.375000 0.250000
vt 0.625000 0.500000
vt 0.375000 0.500000
vt 0.625000 0.750000
vt 0.375000 0.750000
vt 0.625000 1.000000
vt 0.375000 1.000000
vt 0.125000 0.500000
vt 0.125000 0.750000
vt 0.875000 0.500000
vt 0.875000 0.750000
s 0
f 413/927/231 414/928/231 416/929/231 415/930/231
f 415/930/232 416/929/232 420/931/232 419/932/232
f 419/932/233 420/931/233 418/933/233 417/934/233
f 417/934/234 418/933/234 414/935/234 413/936/234
f 415/937/235 419/932/235 417/934/235 413/938/235
f 420/931/236 416/939/236 414/940/236 418/933/236
o Cube.022
v 1.125036 1.923742 1.075025
v 1.121822 1.785092 1.341043
v -0.874216 1.978250 1.079280
v -0.877430 1.839600 1.345299
v 1.132581 2.189654 1.213710
v 1.129367 2.051005 1.479729
v -0.866671 2.244163 1.217965
v -0.869885 2.105513 1.483984
vn -0.0252 -0.8864 -0.4623
vn -0.9996 0.0273 0.0021
vn 0.0252 0.8864 0.4623
vn 0.9996 -0.0273 -0.0021
vn 0.0107 0.4622 -0.8867
vn -0.0107 -0.4622 0.8867
vt 0.375000 0.000000
vt 0.625000 0.000000
vt 0.625000 0.250000
vt 0.375000 0.250000
vt 0.625000 0.500000
vt 0.375000 0.500000
vt 0.625000 0.750000
vt 0.375000 0.750000
vt 0.625000 1.000000
vt 0.375000 1.000000
vt 0.125000 0.500000
vt 0.125000 0.750000
vt 0.875000 0.500000
vt 0.875000 0.750000
s 0
f 421/941/237 422/942/237 424/943/237 423/944/237
f 423/944/238 424/943/238 428/945/238 427/946/238
f 427/946/239 428/945/239 426/947/239 425/948/239
f 425/948/240 426/947/240 422/949/240 421/950/240
f 423/951/241 427/946/241 425/948/241 421/952/241
f 428/945/242 424/953/242 422/954/242 426/947/242
o Cylinder.004
v 0.711347 0.692271 1.049642
v 0.971338 0.694467 1.049642
v 0.712078 0.605830 1.095847
v 0.972068 0.608027 1.095847
v 0.972708 0.532261 1.158028
v 0.713633 0.421682 1.702923
v 0.973624 0.423879 1.702923
v 0.711347 0.692271 1.973521
v 0.971338 0.694467 1.973521
v 0.710555 0.786064 2.001974
v 0.970546 0.788260 2.001974
v 0.706745 1.237146 1.158028
v 0.966735 1.239343 1.158028
v 0.708115 1.074940 1.049642
v 0.965530 1.381997 1.550038
v 0.705545 1.379123 1.556912
v 0.965541 1.380707 1.460028
v 0.705542 1.379542 1.470500
v 0.965907 1.337389 1.514145
v 0.705898 1.337306 1.523265
v 0.965673 1.365113 1.645599
v 0.705711 1.359475 1.656948
v 0.965549 1.379781 1.572530
v 0.705567 1.376581 1.582726
v 0.965919 1.335979 1.602233
v 0.705955 1.330571 1.613926
v 0.965946 1.332724 1.730989
v 0.706003 1.324915 1.741489
v 0.965758 1.355000 1.678940
v 0.705792 1.349954 1.688334
v 0.966071 1.318012 1.693717
v 0.706127 1.310202 1.704215
v 0.966404 1.278598 1.817301
v 0.706475 1.268997 1.826323
v 0.966083 1.316558 1.761235
v 0.706131 1.309789 1.769791
v 0.966482 1.269367 1.770800
v 0.706553 1.259787 1.779924
v 0.969894 0.865403 2.009572
v 0.709965 0.855900 2.008852
v 0.969064 0.963641 2.003915
v 0.969286 0.937409 2.006498
v 0.709231 0.942806 2.005750
v 0.709309 0.933573 2.006660
v 0.968340 1.049332 1.981956
v 0.968549 1.024693 1.989431
v 0.708479 1.031867 1.986588
v 0.708778 0.996449 1.997332
v 0.967608 1.136068 1.942021
v 0.967927 1.098320 1.962198
v 0.707704 1.123542 1.947542
v 0.708061 1.081306 1.970118
v 0.966975 1.211000 1.888396
v 0.967188 1.185690 1.909168
v 0.707060 1.199816 1.895772
v 0.707257 1.176456 1.914943
v 0.966498 1.267443 1.830894
v 0.706558 1.259259 1.838189
v 0.968254 1.059529 1.950155
v 0.968935 0.978952 1.969813
v 0.966975 1.210917 1.831194
v 0.969513 0.910488 1.973177
v 0.967537 1.144432 1.900930
v 0.709131 0.954637 1.979400
v 0.707633 1.131985 1.906064
v 0.707061 1.199733 1.838506
v 0.708400 1.041145 1.957650
v 0.709559 0.903984 1.970036
v 0.970405 0.804944 1.019546
v 0.969881 0.866952 1.013438
v 0.709849 0.869669 1.012954
v 0.710422 0.801872 1.019632
v 0.970926 0.743296 1.034829
v 0.710897 0.745557 1.033477
v 0.971873 0.631110 1.083508
v 0.971370 0.690696 1.051658
v 0.711358 0.690963 1.050340
v 0.711937 0.622509 1.086931
v 0.972697 0.533568 1.156956
v 0.972323 0.577886 1.120584
v 0.712312 0.578139 1.118573
v 0.890147 0.531564 1.158028
v 0.972956 0.502904 1.193801
v 0.712734 0.528189 1.160314
v 0.712950 0.502618 1.191473
v 0.973410 0.449209 1.272848
v 0.973252 0.467932 1.237819
v 0.713281 0.463433 1.242127
v 0.713408 0.448348 1.270350
v 0.973726 0.411818 1.359999
v 0.973642 0.421751 1.327255
v 0.713664 0.417994 1.332399
v 0.713729 0.410385 1.357484
v 0.973922 0.388536 1.483998
v 0.973894 0.391856 1.450288
v 0.713909 0.389092 1.456057
v 0.713929 0.386640 1.480950
v 0.973869 0.394820 1.602966
v 0.973902 0.390961 1.563788
v 0.713907 0.389244 1.568651
v 0.713881 0.392366 1.600351
v 0.973691 0.415882 1.676562
v 0.713688 0.415240 1.681685
v 0.973534 0.434510 1.722815
v 0.713550 0.431495 1.721283
v 0.973089 0.487172 1.810191
v 0.973223 0.471371 1.790938
v 0.713198 0.473204 1.795847
v 0.713105 0.484195 1.809240
v 0.972402 0.568558 1.894924
v 0.972665 0.537435 1.869381
v 0.712626 0.540928 1.874050
v 0.712420 0.565294 1.894048
v 0.971826 0.636670 1.942627
v 0.971478 0.677942 1.964688
v 0.972026 0.612990 1.929969
v 0.711992 0.615992 1.932748
v 0.711844 0.633519 1.942117
v 0.711431 0.682329 1.968207
v 0.970839 0.753550 1.991444
v 0.971290 0.700217 1.975266
v 0.711307 0.697045 1.974969
v 0.710795 0.757639 1.993351
v 0.965552 1.379388 1.446645
v 0.705563 1.376970 1.444386
v 0.965662 1.366433 1.381914
v 0.965650 1.367764 1.386302
v 0.705645 1.367328 1.392105
v 0.705677 1.363465 1.379369
v 0.966040 1.321677 1.271506
v 0.965863 1.342584 1.310621
v 0.705852 1.342810 1.315154
v 0.706057 1.318483 1.269638
v 0.966626 1.252300 1.173818
v 0.966566 1.259409 1.182479
v 0.966271 1.294260 1.224947
v 0.706251 1.295593 1.229248
v 0.706589 1.255567 1.180475
v 0.706605 1.253633 1.178119
v 0.967056 1.201385 1.126876
v 0.707078 1.197654 1.125616
v 0.967736 1.120842 1.073003
v 0.967456 1.153975 1.090714
v 0.707428 1.156274 1.093117
v 0.707755 1.117525 1.072405
v 0.708087 1.078239 1.051405
v 0.852928 1.076164 1.049642
v 0.971039 0.729829 1.955638
v 0.969471 0.915440 1.014501
v 0.968991 0.972355 1.020106
v 0.968125 1.074795 1.048931
v 0.968492 1.031417 1.035772
v 0.966638 1.250847 1.180666
v 0.965838 1.345498 1.428984
v 0.966067 1.318439 1.356904
v 0.967440 1.155928 1.129199
v 0.967999 1.089781 1.085680
v 0.969715 0.886643 1.037793
v 0.970708 0.769012 1.058536
v 0.972883 0.511630 1.225999
v 0.973270 0.465760 1.303587
v 0.971626 0.660352 1.930452
v 0.972122 0.601669 1.886325
v 0.972813 0.519878 1.801697
v 0.973184 0.476003 1.725747
v 0.973458 0.443484 1.636268
v 0.973580 0.429082 1.530788
v 0.971365 0.691331 1.082287
v 0.972317 0.578622 1.156042
v 0.966341 1.285983 1.263947
v 0.973420 0.447966 1.401714
v 0.968729 1.003365 1.058462
v 0.708508 1.028409 1.035526
v 0.708951 0.975922 1.020674
v 0.709489 0.912248 1.014403
v 0.706609 1.253238 1.179981
v 0.705809 1.347945 1.429261
v 0.706037 1.320886 1.357181
v 0.707413 1.158026 1.127641
v 0.707978 1.091186 1.083154
v 0.709701 0.887212 1.034652
v 0.710698 0.769107 1.055187
v 0.712864 0.512732 1.228792
v 0.711607 0.661527 1.927718
v 0.712098 0.603387 1.884154
v 0.711023 0.730688 1.952670
v 0.712304 0.578984 1.159284
v 0.713155 0.478267 1.724588
v 0.713247 0.467439 1.305807
v 0.713429 0.445872 1.636966
v 0.713553 0.431179 1.532349
v 0.713393 0.450064 1.403275
v 0.708715 1.003935 1.055322
v 0.711352 0.691694 1.085529
v 0.706312 1.288375 1.263262
v 0.712789 0.521596 1.799526
vn 0.0008 -0.0980 -0.9952
vn 0.0025 -0.2903 -0.9569
vn 0.0040 -0.4714 -0.8819
vn 0.0054 -0.6344 -0.7730
vn 0.0065 -0.7730 -0.6344
vn 0.0074 -0.8819 -0.4714
vn 0.0081 -0.9569 -0.2903
vn 0.0084 -0.9951 -0.0980
vn 0.0084 -0.9951 0.0980
vn 0.0081 -0.9569 0.2903
vn 0.0074 -0.8819 0.4714
vn 0.0065 -0.7730 0.6344
vn 0.0054 -0.6344 0.7730
vn 0.0040 -0.4714 0.8819
vn 0.0025 -0.2903 0.9569
vn 0.0008 -0.0980 0.9952
vn -0.0008 0.0980 0.9952
vn -0.0025 0.2903 0.9569
vn -0.0040 0.4714 0.8819
vn -0.0054 0.6344 0.7730
vn -0.0065 0.7730 0.6344
vn -0.0074 0.8819 0.4714
vn -0.0081 0.9569 0.2903
vn -0.0084 0.9951 0.0980
vn -0.0084 0.9951 -0.0980
vn -0.0081 0.9569 -0.2903
vn -0.0074 0.8819 -0.4714
vn -0.0065 0.7730 -0.6344
vn -0.0054 0.6344 -0.7730
vn -0.0040 0.4714 -0.8819
vn 1.0000 0.0084 -0.0000
vn -0.0025 0.2903 -0.9569
vn -0.0008 0.0980 -0.9952
vn -1.0000 -0.0084 -0.0000
vn -0.0275 0.6265 -0.7789
vn 0.0217 0.7806 0.6247
vn -0.0423 0.8292 -0.5573
vn 0.0255 0.5612 0.8273
vn -0.0427 0.9293 -0.3669
vn 0.0263 0.3711 0.9282
vn -0.0430 0.9799 -0.1946
vn 0.0271 0.1988 0.9797
vn -0.0430 0.9991 -0.0015
vn 0.0279 0.0056 0.9996
vn -0.0429 0.9790 0.1994
vn 0.0287 -0.1955 0.9803
vn -0.0585 0.9506 0.3050
vn 0.0484 -0.2958 0.9540
vn -0.0701 0.9099 0.4088
vn 0.0706 -0.3927 0.9170
vn 0.0119 -0.7778 0.6284
vn -0.0251 0.6278 0.7780
vn -0.0091 -0.8336 0.5522
vn -0.0077 0.5524 0.8335
vn -0.0088 -0.8894 0.4569
vn -0.0073 0.4572 0.8894
vn -0.0085 -0.9679 0.2511
vn -0.0064 0.2513 0.9679
vn -0.0084 -0.9975 -0.0709
vn -0.0051 -0.0705 0.9975
vn -0.0091 -0.8250 -0.5651
vn -0.0030 -0.5648 0.8252
vn -0.0098 -0.6545 -0.7560
vn -0.0022 -0.7557 0.6549
vn -0.0106 -0.4737 -0.8806
vn -0.0016 -0.8805 0.4741
vn -0.0115 -0.2612 -0.9652
vn -0.0013 -0.9652 0.2616
vn -0.0125 -0.0204 -0.9997
vn -0.0011 -0.9998 0.0208
vn -0.0011 -0.9998 0.0207
vn 0.0097 0.6778 -0.7352
vn 0.0085 -0.7353 -0.6777
vn 0.0093 0.7776 -0.6286
vn 0.0080 -0.6288 -0.7775
vn 0.0087 0.9259 -0.3776
vn 0.0070 -0.3778 -0.9259
vn 0.0084 0.9987 -0.0507
vn 0.0056 -0.0510 -0.9987
vn 0.0084 0.9782 0.2076
vn 0.0045 0.2072 -0.9783
vn 0.0088 0.8866 0.4625
vn 0.0034 0.4621 -0.8868
vt 0.993961 1.000000
vt 0.974095 1.000000
vt 0.973815 0.500000
vt 0.995535 0.500000
vt 0.953769 1.000000
vt 0.937500 1.000000
vt 0.937500 0.500000
vt 0.955254 0.500000
vt 0.914595 1.000000
vt 0.906250 1.000000
vt 0.906250 0.500000
vt 0.912280 0.500000
vt 0.936137 1.000000
vt 0.937027 0.500000
vt 0.875539 1.000000
vt 0.875000 1.000000
vt 0.875000 0.841223
vt 0.893818 1.000000
vt 0.894829 0.500000
vt 0.861206 0.500000
vt 0.874057 0.500000
vt 0.860246 1.000000
vt 0.830535 0.500000
vt 0.840738 0.500000
vt 0.842296 1.000000
vt 0.829632 1.000000
vt 0.799254 1.000000
vt 0.800091 0.500000
vt 0.808449 0.500000
vt 0.810163 1.000000
vt 0.759813 0.500000
vt 0.767788 0.500000
vt 0.769636 1.000000
vt 0.758837 1.000000
vt 0.720723 1.000000
vt 0.721561 0.500000
vt 0.731717 0.500000
vt 0.733275 1.000000
vt 0.687500 1.000000
vt 0.687500 0.500000
vt 0.694576 0.500000
vt 0.696283 1.000000
vt 0.680863 0.500000
vt 0.680309 1.000000
vt 0.648053 0.500000
vt 0.653577 0.500000
vt 0.655602 1.000000
vt 0.647661 1.000000
vt 0.620520 0.500000
vt 0.622866 1.000000
vt 0.610029 1.000000
vt 0.610469 0.500000
vt 0.562500 1.000000
vt 0.562500 0.500000
vt 0.566094 0.500000
vt 0.568474 1.000000
vt 0.590076 0.500000
vt 0.591956 1.000000
vt 0.583395 1.000000
vt 0.583740 0.500000
vt 0.531250 1.000000
vt 0.531250 0.500000
vt 0.540721 0.500000
vt 0.542815 1.000000
vt 0.560909 0.500000
vt 0.560584 1.000000
vt 0.508876 0.500000
vt 0.506535 1.000000
vt 0.475062 1.000000
vt 0.481034 0.500000
vt 0.483992 0.500000
vt 0.483466 1.000000
vt 0.454973 1.000000
vt 0.446764 1.000000
vt 0.451851 0.500000
vt 0.463652 0.500000
vt 0.429842 1.000000
vt 0.416195 1.000000
vt 0.419930 0.500000
vt 0.435199 0.500000
vt 0.386690 1.000000
vt 0.390397 0.500000
vt 0.400032 0.500000
vt 0.397129 1.000000
vt 0.360877 1.000000
vt 0.355271 1.000000
vt 0.358993 0.500000
vt 0.363886 0.500000
vt 0.333580 1.000000
vt 0.322646 1.000000
vt 0.326442 0.500000
vt 0.336673 0.500000
vt 0.304510 1.000000
vt 0.293401 1.000000
vt 0.297182 0.500000
vt 0.307639 0.500000
vt 0.269526 1.000000
vt 0.262320 1.000000
vt 0.264522 0.500000
vt 0.272792 0.500000
vt 0.228473 0.500000
vt 0.236839 0.500000
vt 0.233484 1.000000
vt 0.229197 1.000000
vt 0.209510 1.000000
vt 0.208048 1.000000
vt 0.207200 0.500000
vt 0.211443 0.500000
vt 0.184023 1.000000
vt 0.169882 1.000000
vt 0.169207 0.500000
vt 0.185661 0.500000
vt 0.131512 1.000000
vt 0.125000 1.000000
vt 0.125000 0.500000
vt 0.133286 0.500000
vt 0.152600 1.000000
vt 0.135085 1.000000
vt 0.134258 0.500000
vt 0.154374 0.500000
vt 0.108711 0.500000
vt 0.109344 1.000000
vt 0.090279 1.000000
vt 0.078300 1.000000
vt 0.077895 0.500000
vt 0.091904 0.500000
vt 0.062500 0.500000
vt 0.063692 0.500000
vt 0.062500 0.778498
vt 0.339084 0.027432
vt 0.341844 0.028269
vt 0.349776 0.032509
vt 0.358220 0.048942
vt 0.369587 0.043098
vt 0.380954 0.049174
vt 0.386389 0.070123
vt 0.402282 0.065995
vt 0.417222 0.078256
vt 0.425650 0.110745
vt 0.441349 0.106667
vt 0.448934 0.115909
vt 0.446710 0.147201
vt 0.466628 0.148608
vt 0.471731 0.158156
vt 0.475569 0.170809
vt 0.462320 0.190150
vt 0.485680 0.206135
vt 0.487532 0.224941
vt 0.469234 0.240781
vt 0.488696 0.263240
vt 0.487102 0.279421
vt 0.460168 0.302736
vt 0.477520 0.322760
vt 0.472753 0.338477
vt 0.451627 0.349838
vt 0.459572 0.364592
vt 0.450585 0.381406
vt 0.429609 0.387080
vt 0.433798 0.402534
vt 0.419706 0.419706
vt 0.419078 0.420220
vt 0.397452 0.420659
vt 0.397805 0.437679
vt 0.383337 0.449553
vt 0.372257 0.455475
vt 0.343349 0.456061
vt 0.343654 0.470763
vt 0.341844 0.471731
vt 0.318405 0.478841
vt 0.306061 0.467462
vt 0.288813 0.486177
vt 0.259048 0.489109
vt 0.249596 0.477418
vt 0.235773 0.488599
vt 0.208453 0.485908
vt 0.193568 0.467497
vt 0.180102 0.478388
vt 0.159280 0.472072
vt 0.152086 0.454433
vt 0.137177 0.460517
vt 0.121272 0.452016
vt 0.120335 0.433544
vt 0.098514 0.434658
vt 0.080294 0.419706
vt 0.074074 0.412127
vt 0.074772 0.408839
vt 0.070662 0.407969
vt 0.053933 0.387585
vt 0.057906 0.368865
vt 0.040772 0.365236
vt 0.030737 0.346461
vt 0.042327 0.324245
vt 0.019289 0.312240
vt 0.018650 0.310134
vt 0.029338 0.289647
vt 0.013070 0.281170
vt 0.012437 0.274745
vt 0.033230 0.248769
vt 0.011818 0.231541
vt 0.012881 0.220745
vt 0.033907 0.206487
vt 0.019922 0.185671
vt 0.024777 0.169668
vt 0.042532 0.162575
vt 0.035470 0.144684
vt 0.043230 0.130166
vt 0.065882 0.125575
vt 0.061451 0.103255
vt 0.066806 0.096730
vt 0.093939 0.096586
vt 0.093899 0.069129
vt 0.106048 0.059159
vt 0.125853 0.063113
vt 0.129868 0.043389
vt 0.147987 0.033704
vt 0.166608 0.039485
vt 0.171503 0.024220
vt 0.183330 0.020632
vt 0.205286 0.030049
vt 0.212636 0.013680
vt 0.225228 0.012440
vt 0.238150 0.028434
vt 0.259792 0.010964
vt 0.296822 0.014612
vt 0.313483 0.019666
vt 0.324870 0.036853
vt 0.046997 0.500000
vt 0.061720 1.000000
vt 0.047267 1.000000
vt 0.027729 1.000000
vt 0.009495 1.000000
vt 0.009176 0.500000
vt 0.029576 0.500000
vt 0.517805 0.307349
vt 0.519659 0.313462
vt 0.540098 0.324112
vt 0.529574 0.344285
vt 0.541251 0.366133
vt 0.555704 0.369193
vt 0.552239 0.385520
vt 0.571452 0.408931
vt 0.572570 0.409168
vt 0.572380 0.410062
vt 0.580294 0.419706
vt 0.599251 0.435263
vt 0.618273 0.434291
vt 0.619114 0.450863
vt 0.637715 0.460805
vt 0.650358 0.455645
vt 0.656573 0.470885
vt 0.658156 0.471731
vt 0.680492 0.478507
vt 0.692240 0.469005
vt 0.705686 0.485635
vt 0.736251 0.488646
vt 0.748269 0.478926
vt 0.756690 0.489341
vt 0.789233 0.486136
vt 0.804961 0.469069
vt 0.816266 0.479490
vt 0.841844 0.471731
vt 0.842471 0.471396
vt 0.842121 0.454505
vt 0.875331 0.453832
vt 0.883337 0.449553
vt 0.896629 0.438644
vt 0.896224 0.419103
vt 0.920606 0.418608
vt 0.932881 0.403652
vt 0.928026 0.385739
vt 0.951690 0.379338
vt 0.958931 0.365791
vt 0.949767 0.348772
vt 0.973502 0.336008
vt 0.977154 0.323967
vt 0.958108 0.301987
vt 0.987375 0.276652
vt 0.988552 0.264703
vt 0.967173 0.240032
vt 0.987302 0.222607
vt 0.985803 0.207391
vt 0.960119 0.189815
vt 0.974823 0.168350
vt 0.971731 0.158156
vt 0.967021 0.149343
vt 0.944569 0.147757
vt 0.947000 0.113552
vt 0.941724 0.107124
vt 0.923771 0.111787
vt 0.914491 0.076015
vt 0.902795 0.066416
vt 0.884510 0.071165
vt 0.878459 0.047840
vt 0.870046 0.043343
vt 0.856602 0.050255
vt 0.846616 0.030820
vt 0.841844 0.028269
vt 0.839552 0.027574
vt 0.823403 0.038277
vt 0.810466 0.018751
vt 0.796822 0.014612
vt 0.763299 0.011310
vt 0.740218 0.029942
vt 0.726015 0.012362
vt 0.721583 0.012799
vt 0.715904 0.025447
vt 0.695833 0.016840
vt 0.678832 0.021997
vt 0.674378 0.035887
vt 0.655100 0.029902
vt 0.634827 0.040739
vt 0.630774 0.060648
vt 0.609427 0.056386
vt 0.598213 0.065589
vt 0.598253 0.093076
vt 0.569680 0.093228
vt 0.565006 0.098924
vt 0.569427 0.121195
vt 0.545425 0.126060
vt 0.538164 0.139644
vt 0.545226 0.157536
vt 0.526145 0.165159
vt 0.521575 0.180224
vt 0.535449 0.200875
vt 0.513363 0.215850
vt 0.512143 0.228241
vt 0.532216 0.244392
vt 0.511942 0.269719
vt 0.513177 0.282254
vt 0.527109 0.289514
vt 0.470274 0.593588
vt 0.375000 0.592779
vt 0.375000 0.625363
vt 0.464314 0.626121
vt 0.259583 0.592008
vt 0.262465 0.624611
vt 0.461224 0.626547
vt 0.461915 0.593913
vt 0.375000 0.593121
vt 0.375000 0.625762
vt 0.287011 0.592186
vt 0.282578 0.624780
vt 0.441672 0.626310
vt 0.441668 0.593674
vt 0.375000 0.593083
vt 0.375000 0.625719
vt 0.308775 0.592388
vt 0.303827 0.624972
vt 0.453710 0.626292
vt 0.453883 0.593662
vt 0.375000 0.592979
vt 0.375000 0.625612
vt 0.290171 0.624727
vt 0.294941 0.592145
vt 0.470186 0.593655
vt 0.375000 0.592856
vt 0.375000 0.625484
vt 0.470294 0.626285
vt 0.281011 0.591878
vt 0.276022 0.624455
vt 0.444786 0.593283
vt 0.375000 0.592714
vt 0.375000 0.625341
vt 0.445444 0.625914
vt 0.299597 0.624555
vt 0.305045 0.591985
vt 0.425434 0.625709
vt 0.430423 0.592973
vt 0.375000 0.592205
vt 0.375000 0.625009
vt 0.307647 0.591180
vt 0.305268 0.623949
vt 0.436735 0.592653
vt 0.375000 0.591395
vt 0.375000 0.624449
vt 0.422703 0.625421
vt 0.292699 0.589837
vt 0.299769 0.623025
vt 0.446341 0.657982
vt 0.453412 0.625496
vt 0.375000 0.625030
vt 0.375000 0.657558
vt 0.278433 0.657404
vt 0.272008 0.624867
vt 0.446584 0.657826
vt 0.456330 0.625318
vt 0.375000 0.625244
vt 0.375000 0.657761
vt 0.315820 0.658047
vt 0.307762 0.625569
vt 0.439149 0.657974
vt 0.450867 0.625468
vt 0.375000 0.625390
vt 0.375000 0.657908
vt 0.322540 0.625647
vt 0.330643 0.658126
vt 0.450146 0.658129
vt 0.458668 0.625621
vt 0.375000 0.625513
vt 0.375000 0.658032
vt 0.309439 0.625841
vt 0.318015 0.658317
vt 0.491537 0.658355
vt 0.503313 0.625851
vt 0.375000 0.625685
vt 0.375000 0.658205
vt 0.318710 0.658486
vt 0.310629 0.626007
vt 0.483918 0.658482
vt 0.494057 0.625979
vt 0.375000 0.625777
vt 0.375000 0.658298
vt 0.296895 0.626171
vt 0.305710 0.658647
vt 0.456392 0.658555
vt 0.465330 0.626055
vt 0.375000 0.625846
vt 0.375000 0.658366
vt 0.276769 0.658840
vt 0.266994 0.626366
vt 0.467430 0.626114
vt 0.375000 0.625877
vt 0.375000 0.658397
vt 0.459022 0.658612
vt 0.271858 0.658871
vt 0.261700 0.626398
vt 0.509390 0.626182
vt 0.375000 0.625837
vt 0.375000 0.658357
vt 0.498674 0.658674
vt 0.274062 0.626302
vt 0.283044 0.658780
vt 0.458272 0.658546
vt 0.468558 0.626055
vt 0.375000 0.625800
vt 0.375000 0.658319
vt 0.307912 0.626094
vt 0.316840 0.658574
vt 0.450437 0.658436
vt 0.460107 0.625945
vt 0.375000 0.625704
vt 0.375000 0.658222
vt 0.310583 0.625969
vt 0.319423 0.658450
vt 0.453626 0.647981
vt 0.459663 0.625808
vt 0.375000 0.625564
vt 0.375000 0.658081
vt 0.450093 0.658297
vt 0.307155 0.625822
vt 0.315908 0.658305
vt 0.490314 0.625658
vt 0.375000 0.625326
vt 0.375000 0.657843
vt 0.475375 0.658131
vt 0.316358 0.625549
vt 0.323956 0.658037
vt 0.566705 0.091016
vt 0.571616 0.123528
vt 0.625000 0.123492
vt 0.625000 0.090976
vt 0.794453 0.626134
vt 0.786670 0.658615
vt 0.875000 0.659024
vt 0.875000 0.626508
vt 0.578495 0.123779
vt 0.625000 0.123742
vt 0.625000 0.091225
vt 0.572802 0.091267
vt 0.813300 0.658482
vt 0.875000 0.658775
vt 0.875000 0.626258
vt 0.821359 0.626003
vt 0.625000 0.091471
vt 0.542794 0.091538
vt 0.550741 0.124048
vt 0.625000 0.123988
vt 0.822562 0.625762
vt 0.814896 0.658243
vt 0.875000 0.658529
vt 0.875000 0.626012
vt 0.562150 0.106131
vt 0.567855 0.124237
vt 0.625000 0.124172
vt 0.625000 0.091654
vt 0.558858 0.091729
vt 0.827611 0.625593
vt 0.819116 0.658070
vt 0.875000 0.658346
vt 0.875000 0.625828
vt 0.560779 0.091893
vt 0.567389 0.124403
vt 0.625000 0.124314
vt 0.625000 0.091794
vt 0.799179 0.657824
vt 0.875000 0.658206
vt 0.875000 0.625686
vt 0.808903 0.625353
vt 0.621826 0.124521
vt 0.625000 0.124515
vt 0.625000 0.091994
vt 0.613332 0.092016
vt 0.860422 0.657933
vt 0.875000 0.658006
vt 0.875000 0.625485
vt 0.871035 0.625465
vt 0.558559 0.092193
vt 0.567052 0.124697
vt 0.625000 0.124589
vt 0.625000 0.092068
vt 0.823734 0.625154
vt 0.814222 0.657627
vt 0.875000 0.657932
vt 0.875000 0.625411
vt 0.538004 0.092328
vt 0.546004 0.124831
vt 0.625000 0.124658
vt 0.625000 0.092137
vt 0.795019 0.624951
vt 0.784846 0.657421
vt 0.875000 0.657863
vt 0.875000 0.625342
vt 0.544772 0.092370
vt 0.555160 0.124868
vt 0.625000 0.124715
vt 0.625000 0.092194
vt 0.811339 0.657494
vt 0.875000 0.657806
vt 0.875000 0.625285
vt 0.820479 0.625018
s 0
f 498/955/243 497/956/243 500/957/243 499/958/243
f 501/959/244 430/960/244 429/961/244 502/962/244
f 503/963/245 432/964/245 431/965/245 506/966/245
f 429/961/245 430/960/245 504/967/245 505/968/245
f 507/969/246 433/970/246 510/971/246
f 431/965/246 432/964/246 508/972/246 509/973/246
f 513/974/247 512/975/247 510/971/247 433/970/247 511/976/247
f 517/977/248 516/978/248 515/979/248 514/980/248
f 518/981/249 521/982/249 520/983/249 519/984/249
f 525/985/250 524/986/250 523/987/250 522/988/250
f 526/989/251 529/990/251 528/991/251 527/992/251
f 435/993/252 434/994/252 531/995/252 530/996/252
f 533/997/253 434/994/253 435/993/253 532/998/253
f 537/999/254 536/1000/254 535/1001/254 534/1002/254
f 540/1003/255 539/1004/255 538/1005/255 541/1006/255
f 437/1007/256 436/1008/256 547/1009/256 543/1010/256
f 545/1011/256 544/1012/256 542/1013/256 546/1014/256
f 439/1015/257 438/1016/257 551/1017/257 548/1018/257
f 550/1019/257 436/1008/257 437/1007/257 549/1020/257
f 468/1021/258 438/1016/258 439/1015/258 467/1022/258
f 469/1023/259 471/1024/259 472/1025/259 470/1026/259
f 474/1027/260 473/1028/260 475/1029/260 476/1030/260
f 478/1031/261 477/1032/261 479/1033/261 480/1034/261
f 481/1035/262 483/1036/262 484/1037/262 482/1038/262
f 485/1039/263 461/1040/263 462/1041/263 486/1042/263
f 463/1043/264 455/1044/264 456/1045/264 464/1046/264
f 457/1047/265 449/1048/265 450/1049/265 458/1050/265
f 451/1051/266 443/1052/266 444/1053/266 452/1054/266
f 553/1055/267 446/1056/267 445/1057/267 552/1058/267
f 555/1059/268 554/1060/268 557/1061/268 556/1062/268
f 559/1063/269 558/1064/269 561/1065/269 560/1066/269
f 562/1067/270 441/1068/270 440/1069/270 567/1070/270
f 564/1071/270 563/1072/270 566/1073/270 565/1074/270
f 569/1075/271 440/1069/271 441/1068/271 568/1076/271
f 571/1077/272 570/1078/272 573/1079/272 572/1080/272
f 442/1081/272 574/1082/272 575/1083/272
f 549/1084/273 437/1085/273 543/1086/273 590/1087/273 542/1088/273 544/1089/273 591/1090/273 538/1091/273 539/1092/273 592/1093/273 534/1094/273 535/1095/273 593/1096/273 532/1097/273 435/1098/273 530/1099/273 594/1100/273 526/1101/273 527/1102/273 595/1103/273 522/1104/273 523/1105/273 599/1106/273 518/1107/273 519/1108/273 589/1109/273 514/1110/273 515/1111/273 588/1112/273 511/1113/273 433/1114/273 507/1115/273 597/1116/273 508/1117/273 432/1118/273 503/1119/273 596/1120/273 504/1121/273 430/1122/273 501/1123/273 587/1124/273 497/1125/273 498/1126/273 586/1127/273 577/1128/273 578/1129/273 600/1130/273 580/1131/273 579/1132/273 585/1133/273 570/1134/273 571/1135/273 584/1136/273 568/1137/273 441/1138/273 562/1139/273 581/1140/273 563/1141/273 564/1142/273 598/1143/273 558/1144/273 559/1145/273 583/1146/273 554/1147/273 555/1148/273 582/1149/273 552/1150/273 445/1151/273 447/1152/273 443/1153/273 451/1154/273 453/1155/273 449/1156/273 457/1157/273 459/1158/273 455/1159/273 463/1160/273 465/1161/273 461/1162/273 485/1163/273 489/1164/273 481/1165/273 482/1166/273 491/1167/273 477/1168/273 478/1169/273 487/1170/273 473/1171/273 474/1172/273 488/1173/273 469/1174/273 470/1175/273 490/1176/273 467/1177/273 439/1178/273 548/1179/273 576/1180/273
f 601/1181/274 442/1081/274 575/1083/274 579/1182/274 580/1183/274
f 578/1184/275 577/1185/275 603/1186/275 602/1187/275
f 556/1188/276 557/1189/276 606/1190/276 560/1191/276 561/1192/276 623/1193/276 565/1194/276 566/1195/276 604/1196/276 567/1197/276 440/1198/276 569/1199/276 607/1200/276 572/1201/276 573/1202/276 608/1203/276 574/1204/276 442/1205/276 601/1206/276 621/1207/276 602/1208/276 603/1209/276 609/1210/276 499/1211/276 500/1212/276 610/1213/276 502/1214/276 429/1215/276 505/1216/276 622/1217/276 506/1218/276 431/1219/276 509/1220/276 615/1221/276 512/1222/276 513/1223/276 611/1224/276 516/1225/276 517/1226/276 617/1227/276 520/1228/276 521/1229/276 620/1230/276 524/1231/276 525/1232/276 619/1233/276 528/1234/276 529/1235/276 618/1236/276 531/1237/276 434/1238/276 533/1239/276 616/1240/276 536/1241/276 537/1242/276 624/1243/276 540/1244/276 541/1245/276 613/1246/276 545/1247/276 546/1248/276 612/1249/276 547/1250/276 436/1251/276 550/1252/276 614/1253/276 551/1254/276 438/1255/276 468/1256/276 496/1257/276 472/1258/276 471/1259/276 492/1260/276 476/1261/276 475/1262/276 495/1263/276 480/1264/276 479/1265/276 493/1266/276 484/1267/276 483/1268/276 494/1269/276 486/1270/276 462/1271/276 466/1272/276 464/1273/276 456/1274/276 460/1275/276 458/1276/276 450/1277/276 454/1278/276 452/1279/276 444/1280/276 448/1281/276 446/1282/276 553/1283/276 605/1284/276
f 443/1285/277 447/1286/277 448/1287/277 444/1288/277
f 445/1289/278 446/1290/278 448/1287/278 447/1286/278
f 450/1291/279 449/1292/279 453/1293/279 454/1294/279
f 451/1295/280 452/1296/280 454/1294/280 453/1293/280
f 456/1297/281 455/1298/281 459/1299/281 460/1300/281
f 457/1301/282 458/1302/282 460/1300/282 459/1299/282
f 462/1303/283 461/1304/283 465/1305/283 466/1306/283
f 464/1307/284 466/1306/284 465/1305/284 463/1308/284
f 481/1309/285 489/1310/285 494/1311/285 483/1312/285
f 485/1313/286 486/1314/286 494/1311/286 489/1310/286
f 477/1315/287 491/1316/287 493/1317/287 479/1318/287
f 484/1319/288 493/1317/288 491/1316/288 482/1320/288
f 475/1321/289 473/1322/289 487/1323/289 495/1324/289
f 478/1325/290 480/1326/290 495/1324/290 487/1323/290
f 469/1327/291 488/1328/291 492/1329/291 471/1330/291
f 474/1331/292 476/1332/292 492/1329/292 488/1328/292
f 470/1333/293 472/1334/293 496/1335/293 490/1336/293
f 467/1337/294 490/1336/294 496/1335/294 468/1338/294
f 548/1339/295 551/1340/295 614/1341/295 576/1342/295
f 549/1343/296 576/1342/296 614/1341/296 550/1344/296
f 543/1345/297 547/1346/297 612/1347/297 590/1348/297
f 546/1349/298 542/1350/298 590/1348/298 612/1347/298
f 544/1351/299 545/1352/299 613/1353/299 591/1354/299
f 541/1355/300 538/1356/300 591/1354/300 613/1353/300
f 539/1357/299 540/1358/299 624/1359/299 592/1360/299
f 534/1361/300 592/1360/300 624/1359/300 537/1362/300
f 535/1363/301 536/1364/301 616/1365/301 593/1366/301
f 533/1367/302 532/1368/302 593/1366/302 616/1365/302
f 530/1369/303 531/1370/303 618/1371/303 594/1372/303
f 526/1373/304 594/1372/304 618/1371/304 529/1374/304
f 528/1375/305 619/1376/305 595/1377/305 527/1378/305
f 522/1379/306 595/1377/306 619/1376/306 525/1380/306
f 524/1381/305 620/1382/305 599/1383/305 523/1384/305
f 521/1385/306 518/1386/306 599/1383/306 620/1382/306
f 519/1387/307 520/1388/307 617/1389/307 589/1390/307
f 517/1391/308 514/1392/308 589/1390/308 617/1389/308
f 515/1393/309 516/1394/309 611/1395/309 588/1396/309
f 513/1397/310 511/1398/310 588/1396/310 611/1395/310
f 510/1399/311 512/1400/311 615/1401/311 597/1402/311 507/1403/311
f 509/1404/312 508/1405/312 597/1402/312 615/1401/312
f 506/1406/311 622/1407/311 596/1408/311 503/1409/311
f 505/1410/313 504/1411/313 596/1408/313 622/1407/313
f 501/1412/314 502/1413/314 610/1414/314 587/1415/314
f 500/1416/315 497/1417/315 587/1418/315 610/1419/315
f 499/1420/316 609/1421/316 586/1422/316 498/1423/316
f 577/1424/317 586/1425/317 609/1426/317 603/1427/317
f 600/1428/316 578/1429/316 602/1430/316 621/1431/316
f 601/1432/317 580/1433/317 600/1434/317 621/1435/317
f 575/1436/318 574/1437/318 608/1438/318 585/1439/318 579/1440/318
f 573/1441/319 570/1442/319 585/1443/319 608/1444/319
f 571/1445/320 572/1446/320 607/1447/320 584/1448/320
f 568/1449/321 584/1450/321 607/1451/321 569/1452/321
f 567/1453/322 604/1454/322 581/1455/322 562/1456/322
f 563/1457/323 581/1458/323 604/1459/323 566/1460/323
f 564/1461/322 565/1462/322 623/1463/322 598/1464/322
f 561/1465/323 558/1466/323 598/1467/323 623/1468/323
f 559/1469/324 560/1470/324 606/1471/324 583/1472/324
f 557/1473/325 554/1474/325 583/1475/325 606/1476/325
f 555/1477/324 556/1478/324 605/1479/324 582/1480/324
f 552/1481/325 582/1482/325 605/1483/325 553/1484/325
o Cylinder.002
v -0.885263 0.884041 1.307807
v 2.114737 0.885366 1.307807
v -0.885245 0.845023 1.311650
v 2.114754 0.846348 1.311650
v -0.885229 0.807504 1.323031
v 2.114771 0.808830 1.323031
v -0.885213 0.772927 1.341513
v 2.114786 0.774252 1.341513
v -0.885200 0.742620 1.366385
v 2.114799 0.743945 1.366385
v -0.885189 0.717747 1.396693
v 2.114810 0.719072 1.396693
v -0.885181 0.699265 1.431270
v 2.114819 0.700590 1.431270
v -0.885176 0.687884 1.468789
v 2.114824 0.689209 1.468789
v -0.885174 0.684041 1.507807
v 2.114825 0.685366 1.507807
v -0.885176 0.687884 1.546825
v 2.114824 0.689209 1.546825
v -0.885181 0.699265 1.584343
v 2.114819 0.700590 1.584343
v -0.885189 0.717747 1.618921
v 2.114810 0.719072 1.618921
v -0.885200 0.742620 1.649228
v 2.114799 0.743945 1.649228
v -0.885213 0.772927 1.674101
v 2.114786 0.774252 1.674101
v -0.885229 0.807504 1.692583
v 2.114771 0.808830 1.692583
v -0.885245 0.845023 1.703964
v 2.114754 0.846348 1.703964
v -0.885263 0.884041 1.707807
v 2.114737 0.885366 1.707807
v -0.885280 0.923059 1.703964
v 2.114720 0.924384 1.703964
v -0.885296 0.960578 1.692583
v 2.114703 0.961903 1.692583
v -0.885312 0.995155 1.674101
v 2.114688 0.996480 1.674101
v -0.885325 1.025462 1.649228
v 2.114675 1.026788 1.649228
v -0.885336 1.050335 1.618921
v 2.114664 1.051660 1.618921
v -0.885344 1.068817 1.584343
v 2.114655 1.070142 1.584343
v -0.885349 1.080198 1.546825
v 2.114650 1.081523 1.546825
v -0.885351 1.084041 1.507807
v 2.114649 1.085366 1.507807
v -0.885349 1.080198 1.468789
v 2.114650 1.081523 1.468789
v -0.885344 1.068817 1.431270
v 2.114655 1.070142 1.431270
v -0.885336 1.050335 1.396693
v 2.114664 1.051660 1.396693
v -0.885325 1.025462 1.366385
v 2.114675 1.026788 1.366385
v -0.885312 0.995155 1.341513
v 2.114688 0.996480 1.341513
v -0.885296 0.960578 1.323031
v 2.114703 0.961903 1.323031
v -0.885280 0.923059 1.311650
v 2.114720 0.924384 1.311650
v 2.114693 0.985366 1.507807
v 2.114696 0.977754 1.546075
v 2.114694 0.983445 1.527316
v 2.114694 0.983445 1.488298
v 2.114706 0.956077 1.578517
v 2.114700 0.968513 1.563364
v 2.114700 0.968513 1.452250
v 2.114696 0.977754 1.469538
v 2.114712 0.940923 1.590954
v 2.114712 0.940923 1.424660
v 2.114737 0.885366 1.407807
v 2.114728 0.904875 1.409728
v 2.114754 0.847098 1.415419
v 2.114746 0.865857 1.409728
v 2.114720 0.923635 1.415419
v 2.114706 0.956077 1.437096
v 2.114720 0.923635 1.600195
v 2.114737 0.885366 1.607807
v 2.114746 0.865857 1.605885
v 2.114728 0.904875 1.605885
v 2.114754 0.847098 1.600195
v 2.114762 0.829809 1.424660
v 2.114762 0.829809 1.590954
v 2.114774 0.802219 1.452250
v 2.114774 0.802219 1.563364
v 2.114768 0.814656 1.437096
v 2.114781 0.785366 1.507807
v 2.114780 0.787288 1.488298
v 2.114778 0.792978 1.546075
v 2.114780 0.787288 1.527316
v 2.114778 0.792978 1.469538
v 2.114768 0.814656 1.578517
v -0.885271 0.903550 1.409728
v -0.885254 0.864532 1.409728
v -0.885263 0.884041 1.407807
v -0.885246 0.845773 1.600195
v -0.885238 0.828484 1.424660
v -0.885238 0.828484 1.590954
v -0.885246 0.845773 1.415419
v -0.885226 0.800894 1.563364
v -0.885231 0.813330 1.578517
v -0.885226 0.800894 1.452250
v -0.885218 0.784041 1.507807
v -0.885219 0.785963 1.488298
v -0.885222 0.791653 1.546075
v -0.885219 0.785963 1.527316
v -0.885222 0.791653 1.469538
v -0.885231 0.813330 1.437096
v -0.885307 0.984041 1.507807
v -0.885303 0.976429 1.546075
v -0.885306 0.982120 1.527316
v -0.885306 0.982120 1.488298
v -0.885299 0.967188 1.563364
v -0.885299 0.967188 1.452250
v -0.885294 0.954752 1.578517
v -0.885303 0.976429 1.469538
v -0.885279 0.922309 1.415419
v -0.885287 0.939598 1.590954
v -0.885287 0.939598 1.424660
v -0.885271 0.903550 1.605885
v -0.885254 0.864532 1.605885
v -0.885263 0.884041 1.607807
v -0.885279 0.922309 1.600195
v -0.885294 0.954752 1.437096
vn -0.0000 -0.0980 -0.9952
vn 0.0001 -0.2903 -0.9569
vn 0.0002 -0.4714 -0.8819
vn 0.0003 -0.6344 -0.7730
vn 0.0003 -0.7730 -0.6344
vn 0.0004 -0.8819 -0.4714
vn 0.0004 -0.9569 -0.2903
vn 0.0004 -0.9952 -0.0980
vn 0.0004 -0.9952 0.0980
vn 0.0004 -0.9569 0.2903
vn 0.0004 -0.8819 0.4714
vn 0.0003 -0.7730 0.6344
vn 0.0003 -0.6344 0.7730
vn 0.0002 -0.4714 0.8819
vn 0.0001 -0.2903 0.9569
vn -0.0000 -0.0980 0.9952
vn -0.0000 0.0980 0.9952
vn -0.0001 0.2903 0.9569
vn -0.0002 0.4714 0.8819
vn -0.0003 0.6344 0.7730
vn -0.0003 0.7730 0.6344
vn -0.0004 0.8819 0.4714
vn -0.0004 0.9569 0.2903
vn -0.0004 0.9952 0.0980
vn -0.0004 0.9952 -0.0980
vn -0.0004 0.9569 -0.2903
vn -0.0004 0.8819 -0.4714
vn -0.0003 0.7730 -0.6344
vn -0.0003 0.6344 -0.7730
vn -0.0002 0.4714 -0.8819
vn 1.0000 0.0004 -0.0000
vn -0.0001 0.2903 -0.9569
vn -0.0000 0.0980 -0.9952
vn -1.0000 -0.0004 -0.0000
vt 1.000000 0.500000
vt 1.000000 1.000000
vt 0.968750 1.000000
vt 0.968750 0.500000
vt 0.937500 1.000000
vt 0.937500 0.500000
vt 0.906250 1.000000
vt 0.906250 0.500000
vt 0.875000 1.000000
vt 0.875000 0.500000
vt 0.843750 1.000000
vt 0.843750 0.500000
vt 0.812500 1.000000
vt 0.812500 0.500000
vt 0.781250 1.000000
vt 0.781250 0.500000
vt 0.750000 1.000000
vt 0.750000 0.500000
vt 0.718750 1.000000
vt 0.718750 0.500000
vt 0.687500 1.000000
vt 0.687500 0.500000
vt 0.656250 1.000000
vt 0.656250 0.500000
vt 0.625000 1.000000
vt 0.625000 0.500000
vt 0.593750 1.000000
vt 0.593750 0.500000
vt 0.562500 1.000000
vt 0.562500 0.500000
vt 0.531250 1.000000
vt 0.531250 0.500000
vt 0.500000 1.000000
vt 0.500000 0.500000
vt 0.468750 1.000000
vt 0.468750 0.500000
vt 0.437500 1.000000
vt 0.437500 0.500000
vt 0.406250 1.000000
vt 0.406250 0.500000
vt 0.375000 1.000000
vt 0.375000 0.500000
vt 0.343750 1.000000
vt 0.343750 0.500000
vt 0.312500 1.000000
vt 0.312500 0.500000
vt 0.281250 1.000000
vt 0.281250 0.500000
vt 0.250000 1.000000
vt 0.250000 0.500000
vt 0.218750 1.000000
vt 0.218750 0.500000
vt 0.187500 1.000000
vt 0.187500 0.500000
vt 0.156250 1.000000
vt 0.156250 0.500000
vt 0.125000 1.000000
vt 0.125000 0.500000
vt 0.093750 1.000000
vt 0.093750 0.500000
vt 0.062500 1.000000
vt 0.062500 0.500000
vt 0.158156 0.471731
vt 0.116663 0.449553
vt 0.080294 0.419706
vt 0.050447 0.383337
vt 0.028269 0.341844
vt 0.014612 0.296822
vt 0.010000 0.250000
vt 0.014612 0.203178
vt 0.028269 0.158156
vt 0.050447 0.116663
vt 0.080294 0.080294
vt 0.116663 0.050447
vt 0.158156 0.028269
vt 0.204078 0.139134
vt 0.183332 0.150224
vt 0.165147 0.165147
vt 0.150224 0.183332
vt 0.139134 0.204078
vt 0.132306 0.226589
vt 0.130000 0.250000
vt 0.132306 0.273411
vt 0.139134 0.295922
vt 0.150224 0.316668
vt 0.165147 0.334853
vt 0.183332 0.349776
vt 0.204078 0.360866
vt 0.226589 0.367694
vt 0.250000 0.370000
vt 0.273411 0.367694
vt 0.295922 0.360866
vt 0.341844 0.471731
vt 0.296822 0.485388
vt 0.250000 0.490000
vt 0.203178 0.485388
vt 0.341844 0.028269
vt 0.383337 0.050447
vt 0.419706 0.080294
vt 0.449553 0.116663
vt 0.471731 0.158156
vt 0.485388 0.203178
vt 0.490000 0.250000
vt 0.485388 0.296822
vt 0.471731 0.341844
vt 0.449553 0.383337
vt 0.419706 0.419706
vt 0.383337 0.449553
vt 0.316668 0.349776
vt 0.334853 0.334853
vt 0.349776 0.316668
vt 0.360866 0.295922
vt 0.367694 0.273411
vt 0.370000 0.250000
vt 0.367694 0.226589
vt 0.360866 0.204078
vt 0.349776 0.183332
vt 0.334853 0.165147
vt 0.316668 0.150224
vt 0.295922 0.139134
vt 0.273411 0.132306
vt 0.250000 0.130000
vt 0.226589 0.132306
vt 0.203178 0.014612
vt 0.250000 0.010000
vt 0.296822 0.014612
vt 0.031250 1.000000
vt 0.031250 0.500000
vt 0.000000 1.000000
vt 0.000000 0.500000
vt 0.703178 0.485388
vt 0.750000 0.490000
vt 0.796822 0.485388
vt 0.841844 0.471731
vt 0.883337 0.449553
vt 0.919706 0.419706
vt 0.949553 0.383337
vt 0.971731 0.341844
vt 0.985388 0.296822
vt 0.990000 0.250000
vt 0.985388 0.203178
vt 0.971731 0.158156
vt 0.949553 0.116663
vt 0.919706 0.080294
vt 0.883337 0.050447
vt 0.841844 0.028269
vt 0.796822 0.014612
vt 0.773411 0.132306
vt 0.795922 0.139134
vt 0.816668 0.150224
vt 0.834853 0.165147
vt 0.849776 0.183332
vt 0.860866 0.204078
vt 0.867694 0.226589
vt 0.870000 0.250000
vt 0.867694 0.273411
vt 0.860865 0.295922
vt 0.849776 0.316668
vt 0.834853 0.334853
vt 0.816669 0.349776
vt 0.795922 0.360866
vt 0.773411 0.367694
vt 0.750000 0.370000
vt 0.726589 0.367694
vt 0.750000 0.010000
vt 0.703178 0.014612
vt 0.658156 0.028269
vt 0.616663 0.050447
vt 0.580294 0.080294
vt 0.550447 0.116663
vt 0.528269 0.158156
vt 0.514612 0.203178
vt 0.510000 0.250000
vt 0.514612 0.296822
vt 0.528269 0.341844
vt 0.550447 0.383337
vt 0.580294 0.419706
vt 0.616663 0.449553
vt 0.658156 0.471731
vt 0.704078 0.360866
vt 0.683332 0.349776
vt 0.665147 0.334853
vt 0.650224 0.316668
vt 0.639134 0.295922
vt 0.632306 0.273411
vt 0.630000 0.250000
vt 0.632306 0.226589
vt 0.639134 0.204078
vt 0.650224 0.183332
vt 0.665147 0.165147
vt 0.683332 0.150224
vt 0.704078 0.139134
vt 0.726589 0.132306
vt 0.750000 0.130000
vt 0.968750 0.562500
vt 0.968750 0.937500
vt 1.000000 0.937500
vt 1.000000 0.562500
vt 0.937500 0.562500
vt 0.937500 0.937500
vt 0.906250 0.562500
vt 0.906250 0.937500
vt 0.875000 0.562500
vt 0.875000 0.937500
vt 0.843750 0.937500
vt 0.843750 0.562500
vt 0.812500 0.937500
vt 0.812500 0.562500
vt 0.781250 0.937500
vt 0.781250 0.562500
vt 0.750000 0.937500
vt 0.750000 0.562500
vt 0.718750 0.937500
vt 0.718750 0.562500
vt 0.687500 0.937500
vt 0.687500 0.562500
vt 0.656250 0.937500
vt 0.656250 0.562500
vt 0.625000 0.937500
vt 0.625000 0.562500
vt 0.593750 0.937500
vt 0.593750 0.562500
vt 0.562500 0.937500
vt 0.562500 0.562500
vt 0.531250 0.937500
vt 0.531250 0.562500
vt 0.500000 0.937500
vt 0.500000 0.562500
vt 0.468750 0.937500
vt 0.468750 0.562500
vt 0.437500 0.937500
vt 0.437500 0.562500
vt 0.406250 0.937500
vt 0.406250 0.562500
vt 0.375000 0.937500
vt 0.375000 0.562500
vt 0.343750 0.562500
vt 0.343750 0.937500
vt 0.312500 0.562500
vt 0.312500 0.937500
vt 0.281250 0.562500
vt 0.281250 0.937500
vt 0.250000 0.562500
vt 0.250000 0.937500
vt 0.218750 0.562500
vt 0.218750 0.937500
vt 0.187500 0.562500
vt 0.187500 0.937500
vt 0.156250 0.562500
vt 0.156250 0.937500
vt 0.125000 0.562500
vt 0.125000 0.937500
vt 0.093750 0.562500
vt 0.093750 0.937500
vt 0.062500 0.562500
vt 0.062500 0.937500
vt 0.031250 0.562500
vt 0.031250 0.937500
vt 0.000000 0.562500
vt 0.000000 0.937500
s 0
f 625/1485/326 626/1486/326 628/1487/326 627/1488/326
f 627/1488/327 628/1487/327 630/1489/327 629/1490/327
f 629/1490/328 630/1489/328 632/1491/328 631/1492/328
f 631/1492/329 632/1491/329 634/1493/329 633/1494/329
f 633/1494/330 634/1493/330 636/1495/330 635/1496/330
f 635/1496/331 636/1495/331 638/1497/331 637/1498/331
f 637/1498/332 638/1497/332 640/1499/332 639/1500/332
f 639/1500/333 640/1499/333 642/1501/333 641/1502/333
f 641/1502/334 642/1501/334 644/1503/334 643/1504/334
f 643/1504/335 644/1503/335 646/1505/335 645/1506/335
f 645/1506/336 646/1505/336 648/1507/336 647/1508/336
f 647/1508/337 648/1507/337 650/1509/337 649/1510/337
f 649/1510/338 650/1509/338 652/1511/338 651/1512/338
f 651/1512/339 652/1511/339 654/1513/339 653/1514/339
f 653/1514/340 654/1513/340 656/1515/340 655/1516/340
f 655/1516/341 656/1515/341 658/1517/341 657/1518/341
f 657/1518/342 658/1517/342 660/1519/342 659/1520/342
f 659/1520/343 660/1519/343 662/1521/343 661/1522/343
f 661/1522/344 662/1521/344 664/1523/344 663/1524/344
f 663/1524/345 664/1523/345 666/1525/345 665/1526/345
f 665/1526/346 666/1525/346 668/1527/346 667/1528/346
f 667/1528/347 668/1527/347 670/1529/347 669/1530/347
f 669/1530/348 670/1529/348 672/1531/348 671/1532/348
f 671/1532/349 672/1531/349 674/1533/349 673/1534/349
f 673/1534/350 674/1533/350 676/1535/350 675/1536/350
f 675/1536/351 676/1535/351 678/1537/351 677/1538/351
f 677/1538/352 678/1537/352 680/1539/352 679/1540/352
f 679/1540/353 680/1539/353 682/1541/353 681/1542/353
f 681/1542/354 682/1541/354 684/1543/354 683/1544/354
f 683/1544/355 684/1543/355 686/1545/355 685/1546/355
f 686/1547/356 684/1548/356 682/1549/356 680/1550/356 678/1551/356 676/1552/356 674/1553/356 672/1554/356 670/1555/356 668/1556/356 666/1557/356 664/1558/356 662/1559/356 705/1560/356 697/1561/356 693/1562/356 694/1563/356 690/1564/356 691/1565/356 689/1566/356 692/1567/356 696/1568/356 695/1569/356 704/1570/356 698/1571/356 703/1572/356 700/1573/356 699/1574/356 702/1575/356 701/1576/356 630/1577/356 628/1578/356 626/1579/356 688/1580/356
f 654/1581/356 652/1582/356 650/1583/356 648/1584/356 646/1585/356 644/1586/356 642/1587/356 640/1588/356 638/1589/356 636/1590/356 634/1591/356 632/1592/356 630/1577/356 701/1576/356 710/1593/356 714/1594/356 712/1595/356 719/1596/356 716/1597/356 715/1598/356 718/1599/356 717/1600/356 713/1601/356 720/1602/356 711/1603/356 709/1604/356 707/1605/356 706/1606/356 708/1607/356 705/1560/356 662/1559/356 660/1608/356 658/1609/356 656/1610/356
f 685/1546/357 686/1545/357 688/1611/357 687/1612/357
f 687/1612/358 688/1611/358 626/1613/358 625/1614/358
f 687/1615/359 625/1616/359 627/1617/359 629/1618/359 631/1619/359 633/1620/359 635/1621/359 637/1622/359 639/1623/359 641/1624/359 643/1625/359 645/1626/359 647/1627/359 649/1628/359 651/1629/359 653/1630/359 655/1631/359 749/1632/359 724/1633/359 726/1634/359 729/1635/359 728/1636/359 733/1637/359 734/1638/359 731/1639/359 732/1640/359 735/1641/359 730/1642/359 736/1643/359 725/1644/359 727/1645/359 722/1646/359 723/1647/359 721/1648/359
f 655/1631/359 657/1649/359 659/1650/359 661/1651/359 663/1652/359 665/1653/359 667/1654/359 669/1655/359 671/1656/359 673/1657/359 675/1658/359 677/1659/359 679/1660/359 681/1661/359 683/1662/359 685/1663/359 687/1615/359 721/1648/359 745/1664/359 747/1665/359 752/1666/359 742/1667/359 744/1668/359 740/1669/359 737/1670/359 739/1671/359 738/1672/359 741/1673/359 743/1674/359 746/1675/359 751/1676/359 748/1677/359 750/1678/359 749/1632/359
f 722/1679/342 702/1680/342 699/1681/342 723/1682/342
f 727/1683/343 701/1684/343 702/1680/343 722/1679/343
f 725/1685/344 710/1686/344 701/1684/344 727/1683/344
f 736/1687/345 714/1688/345 710/1686/345 725/1685/345
f 712/1689/346 714/1688/346 736/1687/346 730/1690/346
f 719/1691/347 712/1689/347 730/1690/347 735/1692/347
f 716/1693/348 719/1691/348 735/1692/348 732/1694/348
f 715/1695/349 716/1693/349 732/1694/349 731/1696/349
f 718/1697/350 715/1695/350 731/1696/350 734/1698/350
f 717/1699/351 718/1697/351 734/1698/351 733/1700/351
f 713/1701/352 717/1699/352 733/1700/352 728/1702/352
f 720/1703/353 713/1701/353 728/1702/353 729/1704/353
f 711/1705/354 720/1703/354 729/1704/354 726/1706/354
f 709/1707/355 711/1705/355 726/1706/355 724/1708/355
f 707/1709/357 709/1707/357 724/1708/357 749/1710/357
f 706/1711/358 707/1709/358 749/1710/358 750/1712/358
f 708/1713/326 706/1711/326 750/1712/326 748/1714/326
f 705/1715/327 708/1713/327 748/1714/327 751/1716/327
f 697/1717/328 705/1715/328 751/1716/328 746/1718/328
f 693/1719/329 697/1717/329 746/1718/329 743/1720/329
f 741/1721/330 694/1722/330 693/1719/330 743/1720/330
f 738/1723/331 690/1724/331 694/1722/331 741/1721/331
f 739/1725/332 691/1726/332 690/1724/332 738/1723/332
f 737/1727/333 689/1728/333 691/1726/333 739/1725/333
f 740/1729/334 692/1730/334 689/1728/334 737/1727/334
f 744/1731/335 696/1732/335 692/1730/335 740/1729/335
f 742/1733/336 695/1734/336 696/1732/336 744/1731/336
f 752/1735/337 704/1736/337 695/1734/337 742/1733/337
f 747/1737/338 698/1738/338 704/1736/338 752/1735/338
f 745/1739/339 703/1740/339 698/1738/339 747/1737/339
f 721/1741/340 700/1742/340 703/1740/340 745/1739/340
f 723/1743/341 699/1744/341 700/1742/341 721/1741/341
o Cylinder.001
v 0.911443 0.772631 1.243656
v 1.171434 0.774827 1.243656
v 0.911867 0.722496 1.270455
v 1.171857 0.724692 1.270455
v 1.172229 0.680748 1.306520
v 0.912769 0.615690 1.622560
v 1.172760 0.617886 1.622560
v 0.911443 0.772631 1.779506
v 1.171434 0.774827 1.779506
v 0.910984 0.827031 1.796009
v 1.170974 0.829228 1.796009
v 0.908774 1.088659 1.306520
v 1.168764 1.090856 1.306520
v 0.909568 0.994580 1.243656
v 1.168065 1.173595 1.533886
v 0.908078 1.171006 1.537873
v 1.168072 1.172847 1.481681
v 0.908076 1.171249 1.487754
v 1.168284 1.147723 1.513068
v 0.908283 1.146752 1.518358
v 1.168148 1.163803 1.589312
v 0.908174 1.159610 1.595894
v 1.168076 1.172310 1.546931
v 0.908090 1.169531 1.552845
v 1.168291 1.146904 1.564159
v 0.908316 1.142846 1.570941
v 1.168307 1.145017 1.638838
v 0.908344 1.139565 1.644928
v 1.168198 1.157937 1.608649
v 0.908221 1.154088 1.614098
v 1.168379 1.136484 1.617220
v 0.908416 1.131032 1.623309
v 1.168572 1.113624 1.688899
v 0.908617 1.107133 1.694132
v 1.168386 1.135640 1.656381
v 0.908418 1.130792 1.661343
v 1.168617 1.108270 1.661928
v 0.908663 1.101791 1.667220
v 1.170596 0.873971 1.800416
v 0.910641 0.867536 1.799999
v 1.170115 0.930949 1.797135
v 1.170244 0.915734 1.798633
v 0.910216 0.917942 1.798199
v 0.910261 0.912587 1.798727
v 1.169695 0.980650 1.784399
v 1.169816 0.966358 1.788734
v 0.909779 0.969597 1.787085
v 0.909953 0.949055 1.793317
v 1.169270 1.030956 1.761236
v 1.169455 1.009063 1.772939
v 0.909330 1.022769 1.764439
v 0.909537 0.998272 1.777533
v 1.168903 1.074417 1.730134
v 1.169027 1.059737 1.742182
v 0.908956 1.067008 1.734412
v 0.909071 1.053459 1.745531
v 1.168627 1.107154 1.696782
v 0.908665 1.101485 1.701014
v 1.169645 0.986564 1.765954
v 1.170040 0.939829 1.777356
v 1.168904 1.074369 1.696957
v 1.170376 0.900120 1.779307
v 1.169229 1.035807 1.737404
v 0.910158 0.924804 1.782916
v 0.909289 1.027666 1.740381
v 0.908957 1.066960 1.701198
v 0.909734 0.974979 1.770301
v 0.910406 0.895425 1.777485
v 1.170893 0.838904 1.226201
v 1.170589 0.874869 1.222658
v 0.910574 0.875522 1.222378
v 0.910906 0.836200 1.226251
v 1.171195 0.803148 1.235065
v 0.911182 0.803537 1.234281
v 1.171744 0.738080 1.263299
v 1.171452 0.772640 1.244826
v 0.911450 0.771873 1.244062
v 0.911785 0.732169 1.265284
v 1.172222 0.681506 1.305898
v 1.172005 0.707210 1.284803
v 0.912002 0.706435 1.283637
v 1.089668 0.680051 1.306520
v 1.172373 0.663721 1.327269
v 0.912247 0.677464 1.307846
v 0.912372 0.662632 1.325919
v 1.172636 0.632578 1.373116
v 1.172544 0.643437 1.352799
v 0.912564 0.639905 1.355298
v 0.912638 0.631156 1.371668
v 1.172819 0.610891 1.423663
v 1.172770 0.616652 1.404672
v 0.912787 0.613551 1.407655
v 0.912824 0.609137 1.422205
v 1.172933 0.597388 1.495583
v 1.172917 0.599313 1.476031
v 0.912929 0.596787 1.479377
v 0.912941 0.595365 1.493815
v 1.172902 0.601032 1.564585
v 1.172921 0.598794 1.541861
v 0.912928 0.596876 1.544682
v 0.912913 0.598686 1.563068
v 1.172799 0.613248 1.607270
v 0.912801 0.611953 1.610241
v 1.172708 0.624053 1.634097
v 0.912721 0.621381 1.633208
v 1.172450 0.654596 1.684775
v 1.172527 0.645432 1.673608
v 0.912517 0.645572 1.676455
v 0.912463 0.651947 1.684223
v 1.172051 0.701800 1.733920
v 1.172203 0.683749 1.719105
v 0.912185 0.684852 1.721813
v 0.912065 0.698985 1.733412
v 1.171717 0.741305 1.761588
v 1.171515 0.765243 1.774383
v 1.171833 0.727571 1.754246
v 0.911817 0.728390 1.755858
v 0.911731 0.738555 1.761292
v 0.911492 0.766865 1.776424
v 1.171144 0.809096 1.789902
v 1.171406 0.778163 1.780518
v 0.911420 0.775400 1.780347
v 0.911123 0.810545 1.791008
v 1.168078 1.172082 1.473918
v 0.908088 1.169757 1.472608
v 1.168142 1.164568 1.436374
v 1.168135 1.165340 1.438919
v 0.908136 1.164165 1.442285
v 0.908155 1.161924 1.434898
v 1.168361 1.138610 1.372338
v 1.168258 1.150735 1.395024
v 0.908256 1.149945 1.397653
v 0.908375 1.135834 1.371254
v 1.168701 1.098371 1.315678
v 1.168666 1.102494 1.320702
v 1.168495 1.122707 1.345333
v 0.908487 1.122558 1.347828
v 0.908683 1.099343 1.319540
v 0.908693 1.098222 1.318173
v 1.168950 1.068840 1.288453
v 0.908967 1.065754 1.287722
v 1.169345 1.022125 1.257206
v 1.169183 1.041342 1.267478
v 0.909170 1.041754 1.268872
v 0.909360 1.019279 1.256859
v 0.909552 0.996493 1.244679
v 1.054382 0.995803 1.243656
v 1.171261 0.795337 1.769135
v 1.170351 0.902992 1.223275
v 1.170072 0.936002 1.226526
v 1.169570 0.995418 1.243244
v 1.169783 0.970259 1.235612
v 1.168708 1.097528 1.319651
v 1.168244 1.152426 1.463675
v 1.168377 1.136732 1.421869
v 1.169173 1.042475 1.289800
v 1.169497 1.004110 1.264558
v 1.170492 0.886289 1.236784
v 1.171069 0.818064 1.248815
v 1.172330 0.668782 1.345943
v 1.172554 0.642177 1.390944
v 1.171601 0.755041 1.754527
v 1.171889 0.721004 1.728932
v 1.172289 0.673566 1.679848
v 1.172504 0.648118 1.635798
v 1.172664 0.629257 1.583900
v 1.172734 0.620904 1.522721
v 1.171449 0.773009 1.262591
v 1.172002 0.707637 1.305369
v 1.168536 1.117907 1.367953
v 1.172642 0.631857 1.447858
v 1.169920 0.953988 1.248772
v 0.909796 0.967592 1.235469
v 0.910053 0.937149 1.226855
v 0.910365 0.900218 1.223218
v 0.908695 1.097993 1.319253
v 0.908231 1.152923 1.463836
v 0.908363 1.137228 1.422029
v 0.909161 1.042770 1.288896
v 0.909489 1.004002 1.263093
v 0.910488 0.885697 1.234963
v 0.911067 0.817196 1.246873
v 0.912323 0.668499 1.347563
v 0.911594 0.754800 1.752941
v 0.911879 0.721079 1.727674
v 0.911255 0.794913 1.767413
v 0.911998 0.706925 1.307249
v 0.912492 0.648509 1.635125
v 0.912545 0.642229 1.392232
v 0.912650 0.629720 1.584305
v 0.912722 0.621198 1.523626
v 0.912630 0.632151 1.448763
v 0.909916 0.953396 1.246951
v 0.911446 0.772297 1.264471
v 0.908523 1.118372 1.367556
v 0.912279 0.673640 1.678589
vn 0.0008 -0.0980 -0.9952
vn 0.0025 -0.2903 -0.9569
vn 0.0040 -0.4714 -0.8819
vn 0.0054 -0.6344 -0.7730
vn 0.0065 -0.7730 -0.6344
vn 0.0074 -0.8819 -0.4714
vn 0.0081 -0.9569 -0.2903
vn 0.0084 -0.9951 -0.0980
vn 0.0084 -0.9951 0.0980
vn 0.0081 -0.9569 0.2903
vn 0.0074 -0.8819 0.4714
vn 0.0065 -0.7730 0.6344
vn 0.0054 -0.6344 0.7730
vn 0.0040 -0.4714 0.8819
vn 0.0025 -0.2903 0.9569
vn 0.0008 -0.0980 0.9952
vn -0.0008 0.0980 0.9952
vn -0.0025 0.2903 0.9569
vn -0.0040 0.4714 0.8819
vn -0.0054 0.6344 0.7730
vn -0.0065 0.7730 0.6344
vn -0.0074 0.8819 0.4714
vn -0.0081 0.9569 0.2903
vn -0.0084 0.9951 0.0980
vn -0.0084 0.9951 -0.0980
vn -0.0081 0.9569 -0.2903
vn -0.0074 0.8819 -0.4714
vn -0.0065 0.7730 -0.6344
vn -0.0054 0.6344 -0.7730
vn -0.0040 0.4714 -0.8819
vn 1.0000 0.0084 -0.0000
vn -0.0025 0.2903 -0.9569
vn -0.0008 0.0980 -0.9952
vn -1.0000 -0.0084 -0.0000
vn -0.0182 0.6267 -0.7791
vn 0.0098 0.7807 0.6248
vn -0.0275 0.8297 -0.5576
vn 0.0128 0.5613 0.8275
vn -0.0281 0.9298 -0.3671
vn 0.0140 0.3711 0.9285
vn -0.0284 0.9805 -0.1947
vn 0.0150 0.1987 0.9799
vn -0.0285 0.9996 -0.0015
vn 0.0162 0.0055 0.9999
vn -0.0284 0.9795 0.1994
vn 0.0174 -0.1956 0.9805
vn -0.0373 0.9516 0.3052
vn 0.0292 -0.2961 0.9547
vn -0.0439 0.9113 0.4093
vn 0.0424 -0.3935 0.9183
vn 0.0096 -0.7778 0.6284
vn -0.0168 0.6280 0.7781
vn -0.0023 -0.8337 0.5523
vn -0.0064 0.5524 0.8335
vn -0.0020 -0.8895 0.4570
vn -0.0058 0.4572 0.8894
vn -0.0015 -0.9680 0.2511
vn -0.0046 0.2513 0.9679
vn -0.0013 -0.9975 -0.0709
vn -0.0027 -0.0705 0.9975
vn -0.0023 -0.8250 -0.5651
vn 0.0003 -0.5647 0.8253
vn -0.0034 -0.6545 -0.7560
vn 0.0014 -0.7557 0.6549
vn -0.0045 -0.4737 -0.8807
vn 0.0022 -0.8805 0.4741
vn -0.0057 -0.2612 -0.9653
vn 0.0027 -0.9652 0.2616
vn -0.0072 -0.0203 -0.9998
vn 0.0029 -0.9998 0.0208
vn 0.0029 -0.9998 0.0207
vn 0.0032 0.6778 -0.7352
vn 0.0075 -0.7353 -0.6777
vn 0.0026 0.7776 -0.6287
vn 0.0069 -0.6288 -0.7775
vn 0.0017 0.9260 -0.3776
vn 0.0054 -0.3778 -0.9259
vn 0.0013 0.9987 -0.0507
vn 0.0034 -0.0510 -0.9987
vn 0.0014 0.9782 0.2076
vn 0.0019 0.2072 -0.9783
vn 0.0020 0.8866 0.4625
vn 0.0003 0.4621 -0.8868
vt 0.993961 1.000000
vt 0.974095 1.000000
vt 0.973815 0.500000
vt 0.995535 0.500000
vt 0.953769 1.000000
vt 0.937500 1.000000
vt 0.937500 0.500000
vt 0.955254 0.500000
vt 0.914595 1.000000
vt 0.906250 1.000000
vt 0.906250 0.500000
vt 0.912280 0.500000
vt 0.936137 1.000000
vt 0.937027 0.500000
vt 0.875539 1.000000
vt 0.875000 1.000000
vt 0.875000 0.841223
vt 0.893818 1.000000
vt 0.894829 0.500000
vt 0.861206 0.500000
vt 0.874057 0.500000
vt 0.860246 1.000000
vt 0.830535 0.500000
vt 0.840738 0.500000
vt 0.842296 1.000000
vt 0.829632 1.000000
vt 0.799254 1.000000
vt 0.800091 0.500000
vt 0.808449 0.500000
vt 0.810163 1.000000
vt 0.759813 0.500000
vt 0.767788 0.500000
vt 0.769636 1.000000
vt 0.758837 1.000000
vt 0.720723 1.000000
vt 0.721561 0.500000
vt 0.731717 0.500000
vt 0.733275 1.000000
vt 0.687500 1.000000
vt 0.687500 0.500000
vt 0.694576 0.500000
vt 0.696283 1.000000
vt 0.680863 0.500000
vt 0.680309 1.000000
vt 0.648053 0.500000
vt 0.653577 0.500000
vt 0.655602 1.000000
vt 0.647661 1.000000
vt 0.620520 0.500000
vt 0.622866 1.000000
vt 0.610029 1.000000
vt 0.610469 0.500000
vt 0.562500 1.000000
vt 0.562500 0.500000
vt 0.566094 0.500000
vt 0.568474 1.000000
vt 0.590076 0.500000
vt 0.591956 1.000000
vt 0.583395 1.000000
vt 0.583740 0.500000
vt 0.531250 1.000000
vt 0.531250 0.500000
vt 0.540721 0.500000
vt 0.542815 1.000000
vt 0.560909 0.500000
vt 0.560584 1.000000
vt 0.508876 0.500000
vt 0.506535 1.000000
vt 0.475062 1.000000
vt 0.481034 0.500000
vt 0.483992 0.500000
vt 0.483466 1.000000
vt 0.454973 1.000000
vt 0.446764 1.000000
vt 0.451851 0.500000
vt 0.463652 0.500000
vt 0.429842 1.000000
vt 0.416195 1.000000
vt 0.419930 0.500000
vt 0.435199 0.500000
vt 0.386690 1.000000
vt 0.390397 0.500000
vt 0.400032 0.500000
vt 0.397129 1.000000
vt 0.360877 1.000000
vt 0.355271 1.000000
vt 0.358993 0.500000
vt 0.363886 0.500000
vt 0.333580 1.000000
vt 0.322646 1.000000
vt 0.326442 0.500000
vt 0.336673 0.500000
vt 0.304510 1.000000
vt 0.293401 1.000000
vt 0.297182 0.500000
vt 0.307639 0.500000
vt 0.269526 1.000000
vt 0.262320 1.000000
vt 0.264522 0.500000
vt 0.272792 0.500000
vt 0.228473 0.500000
vt 0.236839 0.500000
vt 0.233484 1.000000
vt 0.229197 1.000000
vt 0.209510 1.000000
vt 0.208048 1.000000
vt 0.207200 0.500000
vt 0.211443 0.500000
vt 0.184023 1.000000
vt 0.169882 1.000000
vt 0.169207 0.500000
vt 0.185661 0.500000
vt 0.131512 1.000000
vt 0.125000 1.000000
vt 0.125000 0.500000
vt 0.133286 0.500000
vt 0.152600 1.000000
vt 0.135085 1.000000
vt 0.134258 0.500000
vt 0.154374 0.500000
vt 0.108711 0.500000
vt 0.109344 1.000000
vt 0.090279 1.000000
vt 0.078300 1.000000
vt 0.077895 0.500000
vt 0.091904 0.500000
vt 0.062500 0.500000
vt 0.063692 0.500000
vt 0.062500 0.778498
vt 0.339084 0.027432
vt 0.341844 0.028269
vt 0.349776 0.032509
vt 0.358220 0.048942
vt 0.369587 0.043098
vt 0.380954 0.049174
vt 0.386389 0.070123
vt 0.402282 0.065995
vt 0.417222 0.078256
vt 0.425650 0.110745
vt 0.441349 0.106667
vt 0.448934 0.115909
vt 0.446710 0.147201
vt 0.466628 0.148608
vt 0.471731 0.158156
vt 0.475569 0.170809
vt 0.462320 0.190150
vt 0.485680 0.206135
vt 0.487532 0.224941
vt 0.469234 0.240781
vt 0.488696 0.263240
vt 0.487102 0.279421
vt 0.460168 0.302736
vt 0.477520 0.322760
vt 0.472753 0.338477
vt 0.451627 0.349838
vt 0.459572 0.364592
vt 0.450585 0.381406
vt 0.429609 0.387080
vt 0.433798 0.402534
vt 0.419706 0.419706
vt 0.419078 0.420220
vt 0.397452 0.420659
vt 0.397805 0.437679
vt 0.383337 0.449553
vt 0.372257 0.455475
vt 0.343349 0.456061
vt 0.343654 0.470763
vt 0.341844 0.471731
vt 0.318405 0.478841
vt 0.306061 0.467462
vt 0.288813 0.486177
vt 0.259048 0.489109
vt 0.249596 0.477418
vt 0.235773 0.488599
vt 0.208453 0.485908
vt 0.193568 0.467497
vt 0.180102 0.478388
vt 0.159280 0.472072
vt 0.152086 0.454433
vt 0.137177 0.460517
vt 0.121272 0.452016
vt 0.120335 0.433544
vt 0.098514 0.434658
vt 0.080294 0.419706
vt 0.074074 0.412127
vt 0.074772 0.408839
vt 0.070662 0.407969
vt 0.053933 0.387585
vt 0.057906 0.368865
vt 0.040772 0.365236
vt 0.030737 0.346461
vt 0.042327 0.324245
vt 0.019289 0.312240
vt 0.018650 0.310134
vt 0.029338 0.289647
vt 0.013070 0.281170
vt 0.012437 0.274745
vt 0.033230 0.248769
vt 0.011818 0.231541
vt 0.012881 0.220745
vt 0.033907 0.206487
vt 0.019922 0.185671
vt 0.024777 0.169668
vt 0.042532 0.162575
vt 0.035470 0.144684
vt 0.043230 0.130166
vt 0.065882 0.125575
vt 0.061451 0.103255
vt 0.066806 0.096730
vt 0.093939 0.096586
vt 0.093899 0.069129
vt 0.106048 0.059159
vt 0.125853 0.063113
vt 0.129868 0.043389
vt 0.147987 0.033704
vt 0.166608 0.039485
vt 0.171503 0.024220
vt 0.183330 0.020632
vt 0.205286 0.030049
vt 0.212636 0.013680
vt 0.225228 0.012440
vt 0.238150 0.028434
vt 0.259792 0.010964
vt 0.296822 0.014612
vt 0.313483 0.019666
vt 0.324870 0.036853
vt 0.046997 0.500000
vt 0.061720 1.000000
vt 0.047267 1.000000
vt 0.027729 1.000000
vt 0.009495 1.000000
vt 0.009176 0.500000
vt 0.029576 0.500000
vt 0.517805 0.307349
vt 0.519659 0.313462
vt 0.540098 0.324112
vt 0.529574 0.344285
vt 0.541251 0.366133
vt 0.555704 0.369193
vt 0.552239 0.385520
vt 0.571452 0.408931
vt 0.572570 0.409168
vt 0.572380 0.410062
vt 0.580294 0.419706
vt 0.599251 0.435263
vt 0.618273 0.434291
vt 0.619114 0.450863
vt 0.637715 0.460805
vt 0.650358 0.455645
vt 0.656573 0.470885
vt 0.658156 0.471731
vt 0.680492 0.478507
vt 0.692240 0.469005
vt 0.705686 0.485635
vt 0.736251 0.488646
vt 0.748269 0.478926
vt 0.756690 0.489341
vt 0.789233 0.486136
vt 0.804961 0.469069
vt 0.816266 0.479490
vt 0.841844 0.471731
vt 0.842471 0.471396
vt 0.842121 0.454505
vt 0.875331 0.453832
vt 0.883337 0.449553
vt 0.896629 0.438644
vt 0.896224 0.419103
vt 0.920606 0.418608
vt 0.932881 0.403652
vt 0.928026 0.385739
vt 0.951690 0.379338
vt 0.958931 0.365791
vt 0.949767 0.348772
vt 0.973502 0.336008
vt 0.977154 0.323967
vt 0.958108 0.301987
vt 0.987375 0.276652
vt 0.988552 0.264703
vt 0.967173 0.240032
vt 0.987302 0.222607
vt 0.985803 0.207391
vt 0.960119 0.189815
vt 0.974823 0.168350
vt 0.971731 0.158156
vt 0.967021 0.149343
vt 0.944569 0.147757
vt 0.947000 0.113552
vt 0.941724 0.107124
vt 0.923771 0.111787
vt 0.914491 0.076015
vt 0.902795 0.066416
vt 0.884510 0.071165
vt 0.878459 0.047840
vt 0.870046 0.043343
vt 0.856602 0.050255
vt 0.846616 0.030820
vt 0.841844 0.028269
vt 0.839552 0.027574
vt 0.823403 0.038277
vt 0.810466 0.018751
vt 0.796822 0.014612
vt 0.763299 0.011310
vt 0.740218 0.029942
vt 0.726015 0.012362
vt 0.721583 0.012799
vt 0.715904 0.025447
vt 0.695833 0.016840
vt 0.678832 0.021997
vt 0.674378 0.035887
vt 0.655100 0.029902
vt 0.634827 0.040739
vt 0.630774 0.060648
vt 0.609427 0.056386
vt 0.598213 0.065589
vt 0.598253 0.093076
vt 0.569680 0.093228
vt 0.565006 0.098924
vt 0.569427 0.121195
vt 0.545425 0.126060
vt 0.538164 0.139644
vt 0.545226 0.157536
vt 0.526145 0.165159
vt 0.521575 0.180224
vt 0.535449 0.200875
vt 0.513363 0.215850
vt 0.512143 0.228241
vt 0.532216 0.244392
vt 0.511942 0.269719
vt 0.513177 0.282254
vt 0.527109 0.289514
vt 0.470274 0.593588
vt 0.375000 0.592779
vt 0.375000 0.625363
vt 0.464314 0.626121
vt 0.259583 0.592008
vt 0.262465 0.624611
vt 0.461224 0.626547
vt 0.461915 0.593913
vt 0.375000 0.593121
vt 0.375000 0.625762
vt 0.287011 0.592186
vt 0.282578 0.624780
vt 0.441672 0.626310
vt 0.441668 0.593674
vt 0.375000 0.593083
vt 0.375000 0.625719
vt 0.308775 0.592388
vt 0.303827 0.624972
vt 0.453710 0.626292
vt 0.453883 0.593662
vt 0.375000 0.592979
vt 0.375000 0.625612
vt 0.290171 0.624727
vt 0.294941 0.592145
vt 0.470186 0.593655
vt 0.375000 0.592856
vt 0.375000 0.625484
vt 0.470294 0.626285
vt 0.281011 0.591878
vt 0.276022 0.624455
vt 0.444786 0.593283
vt 0.375000 0.592714
vt 0.375000 0.625341
vt 0.445444 0.625914
vt 0.299597 0.624555
vt 0.305045 0.591985
vt 0.425434 0.625709
vt 0.430423 0.592973
vt 0.375000 0.592205
vt 0.375000 0.625009
vt 0.307647 0.591180
vt 0.305268 0.623949
vt 0.436735 0.592653
vt 0.375000 0.591395
vt 0.375000 0.624449
vt 0.422703 0.625421
vt 0.292699 0.589837
vt 0.299769 0.623025
vt 0.446341 0.657982
vt 0.453412 0.625496
vt 0.375000 0.625030
vt 0.375000 0.657558
vt 0.278433 0.657404
vt 0.272008 0.624867
vt 0.446584 0.657826
vt 0.456330 0.625318
vt 0.375000 0.625244
vt 0.375000 0.657761
vt 0.315820 0.658047
vt 0.307762 0.625569
vt 0.439149 0.657974
vt 0.450867 0.625468
vt 0.375000 0.625390
vt 0.375000 0.657908
vt 0.322540 0.625647
vt 0.330643 0.658126
vt 0.450146 0.658129
vt 0.458668 0.625621
vt 0.375000 0.625513
vt 0.375000 0.658032
vt 0.309439 0.625841
vt 0.318015 0.658317
vt 0.491537 0.658355
vt 0.503313 0.625851
vt 0.375000 0.625685
vt 0.375000 0.658205
vt 0.318710 0.658486
vt 0.310629 0.626007
vt 0.483918 0.658482
vt 0.494057 0.625979
vt 0.375000 0.625777
vt 0.375000 0.658298
vt 0.296895 0.626171
vt 0.305710 0.658647
vt 0.456392 0.658555
vt 0.465330 0.626055
vt 0.375000 0.625846
vt 0.375000 0.658366
vt 0.276769 0.658840
vt 0.266994 0.626366
vt 0.467430 0.626114
vt 0.375000 0.625877
vt 0.375000 0.658397
vt 0.459022 0.658612
vt 0.271858 0.658871
vt 0.261700 0.626398
vt 0.509390 0.626182
vt 0.375000 0.625837
vt 0.375000 0.658357
vt 0.498674 0.658674
vt 0.274062 0.626302
vt 0.283044 0.658780
vt 0.458272 0.658546
vt 0.468558 0.626055
vt 0.375000 0.625800
vt 0.375000 0.658319
vt 0.307912 0.626094
vt 0.316840 0.658574
vt 0.450437 0.658436
vt 0.460107 0.625945
vt 0.375000 0.625704
vt 0.375000 0.658222
vt 0.310583 0.625969
vt 0.319423 0.658450
vt 0.453626 0.647981
vt 0.459663 0.625808
vt 0.375000 0.625564
vt 0.375000 0.658081
vt 0.450093 0.658297
vt 0.307155 0.625822
vt 0.315908 0.658305
vt 0.490314 0.625658
vt 0.375000 0.625326
vt 0.375000 0.657843
vt 0.475375 0.658131
vt 0.316358 0.625549
vt 0.323956 0.658037
vt 0.566705 0.091016
vt 0.571616 0.123528
vt 0.625000 0.123492
vt 0.625000 0.090976
vt 0.794453 0.626134
vt 0.786670 0.658615
vt 0.875000 0.659024
vt 0.875000 0.626508
vt 0.578495 0.123779
vt 0.625000 0.123742
vt 0.625000 0.091225
vt 0.572802 0.091267
vt 0.813300 0.658482
vt 0.875000 0.658775
vt 0.875000 0.626258
vt 0.821359 0.626003
vt 0.625000 0.091471
vt 0.542794 0.091538
vt 0.550741 0.124048
vt 0.625000 0.123988
vt 0.822562 0.625762
vt 0.814896 0.658243
vt 0.875000 0.658529
vt 0.875000 0.626012
vt 0.562150 0.106131
vt 0.567855 0.124237
vt 0.625000 0.124172
vt 0.625000 0.091654
vt 0.558858 0.091729
vt 0.827611 0.625593
vt 0.819116 0.658070
vt 0.875000 0.658346
vt 0.875000 0.625828
vt 0.560779 0.091893
vt 0.567389 0.124403
vt 0.625000 0.124314
vt 0.625000 0.091794
vt 0.799179 0.657824
vt 0.875000 0.658206
vt 0.875000 0.625686
vt 0.808903 0.625353
vt 0.621826 0.124521
vt 0.625000 0.124515
vt 0.625000 0.091994
vt 0.613332 0.092016
vt 0.860422 0.657933
vt 0.875000 0.658006
vt 0.875000 0.625485
vt 0.871035 0.625465
vt 0.558559 0.092193
vt 0.567052 0.124697
vt 0.625000 0.124589
vt 0.625000 0.092068
vt 0.823734 0.625154
vt 0.814222 0.657627
vt 0.875000 0.657932
vt 0.875000 0.625411
vt 0.538004 0.092328
vt 0.546004 0.124831
vt 0.625000 0.124658
vt 0.625000 0.092137
vt 0.795019 0.624951
vt 0.784846 0.657421
vt 0.875000 0.657863
vt 0.875000 0.625342
vt 0.544772 0.092370
vt 0.555160 0.124868
vt 0.625000 0.124715
vt 0.625000 0.092194
vt 0.811339 0.657494
vt 0.875000 0.657806
vt 0.875000 0.625285
vt 0.820479 0.625018
s 0
f 822/1745/360 821/1746/360 824/1747/360 823/1748/360
f 825/1749/361 754/1750/361 753/1751/361 826/1752/361
f 827/1753/362 756/1754/362 755/1755/362 830/1756/362
f 753/1751/362 754/1750/362 828/1757/362 829/1758/362
f 831/1759/363 757/1760/363 834/1761/363
f 755/1755/363 756/1754/363 832/1762/363 833/1763/363
f 837/1764/364 836/1765/364 834/1761/364 757/1760/364 835/1766/364
f 841/1767/365 840/1768/365 839/1769/365 838/1770/365
f 842/1771/366 845/1772/366 844/1773/366 843/1774/366
f 849/1775/367 848/1776/367 847/1777/367 846/1778/367
f 850/1779/368 853/1780/368 852/1781/368 851/1782/368
f 759/1783/369 758/1784/369 855/1785/369 854/1786/369
f 857/1787/370 758/1784/370 759/1783/370 856/1788/370
f 861/1789/371 860/1790/371 859/1791/371 858/1792/371
f 864/1793/372 863/1794/372 862/1795/372 865/1796/372
f 761/1797/373 760/1798/373 871/1799/373 867/1800/373
f 869/1801/373 868/1802/373 866/1803/373 870/1804/373
f 763/1805/374 762/1806/374 875/1807/374 872/1808/374
f 874/1809/374 760/1798/374 761/1797/374 873/1810/374
f 792/1811/375 762/1806/375 763/1805/375 791/1812/375
f 793/1813/376 795/1814/376 796/1815/376 794/1816/376
f 798/1817/377 797/1818/377 799/1819/377 800/1820/377
f 802/1821/378 801/1822/378 803/1823/378 804/1824/378
f 805/1825/379 807/1826/379 808/1827/379 806/1828/379
f 809/1829/380 785/1830/380 786/1831/380 810/1832/380
f 787/1833/381 779/1834/381 780/1835/381 788/1836/381
f 781/1837/382 773/1838/382 774/1839/382 782/1840/382
f 775/1841/383 767/1842/383 768/1843/383 776/1844/383
f 877/1845/384 770/1846/384 769/1847/384 876/1848/384
f 879/1849/385 878/1850/385 881/1851/385 880/1852/385
f 883/1853/386 882/1854/386 885/1855/386 884/1856/386
f 886/1857/387 765/1858/387 764/1859/387 891/1860/387
f 888/1861/387 887/1862/387 890/1863/387 889/1864/387
f 893/1865/388 764/1859/388 765/1858/388 892/1866/388
f 895/1867/389 894/1868/389 897/1869/389 896/1870/389
f 766/1871/389 898/1872/389 899/1873/389
f 873/1874/390 761/1875/390 867/1876/390 914/1877/390 866/1878/390 868/1879/390 915/1880/390 862/1881/390 863/1882/390 916/1883/390 858/1884/390 859/1885/390 917/1886/390 856/1887/390 759/1888/390 854/1889/390 918/1890/390 850/1891/390 851/1892/390 919/1893/390 846/1894/390 847/1895/390 923/1896/390 842/1897/390 843/1898/390 913/1899/390 838/1900/390 839/1901/390 912/1902/390 835/1903/390 757/1904/390 831/1905/390 921/1906/390 832/1907/390 756/1908/390 827/1909/390 920/1910/390 828/1911/390 754/1912/390 825/1913/390 911/1914/390 821/1915/390 822/1916/390 910/1917/390 901/1918/390 902/1919/390 924/1920/390 904/1921/390 903/1922/390 909/1923/390 894/1924/390 895/1925/390 908/1926/390 892/1927/390 765/1928/390 886/1929/390 905/1930/390 887/1931/390 888/1932/390 922/1933/390 882/1934/390 883/1935/390 907/1936/390 878/1937/390 879/1938/390 906/1939/390 876/1940/390 769/1941/390 771/1942/390 767/1943/390 775/1944/390 777/1945/390 773/1946/390 781/1947/390 783/1948/390 779/1949/390 787/1950/390 789/1951/390 785/1952/390 809/1953/390 813/1954/390 805/1955/390 806/1956/390 815/1957/390 801/1958/390 802/1959/390 811/1960/390 797/1961/390 798/1962/390 812/1963/390 793/1964/390 794/1965/390 814/1966/390 791/1967/390 763/1968/390 872/1969/390 900/1970/390
f 925/1971/391 766/1871/391 899/1873/391 903/1972/391 904/1973/391
f 902/1974/392 901/1975/392 927/1976/392 926/1977/392
f 880/1978/393 881/1979/393 930/1980/393 884/1981/393 885/1982/393 947/1983/393 889/1984/393 890/1985/393 928/1986/393 891/1987/393 764/1988/393 893/1989/393 931/1990/393 896/1991/393 897/1992/393 932/1993/393 898/1994/393 766/1995/393 925/1996/393 945/1997/393 926/1998/393 927/1999/393 933/2000/393 823/2001/393 824/2002/393 934/2003/393 826/2004/393 753/2005/393 829/2006/393 946/2007/393 830/2008/393 755/2009/393 833/2010/393 939/2011/393 836/2012/393 837/2013/393 935/2014/393 840/2015/393 841/2016/393 941/2017/393 844/2018/393 845/2019/393 944/2020/393 848/2021/393 849/2022/393 943/2023/393 852/2024/393 853/2025/393 942/2026/393 855/2027/393 758/2028/393 857/2029/393 940/2030/393 860/2031/393 861/2032/393 948/2033/393 864/2034/393 865/2035/393 937/2036/393 869/2037/393 870/2038/393 936/2039/393 871/2040/393 760/2041/393 874/2042/393 938/2043/393 875/2044/393 762/2045/393 792/2046/393 820/2047/393 796/2048/393 795/2049/393 816/2050/393 800/2051/393 799/2052/393 819/2053/393 804/2054/393 803/2055/393 817/2056/393 808/2057/393 807/2058/393 818/2059/393 810/2060/393 786/2061/393 790/2062/393 788/2063/393 780/2064/393 784/2065/393 782/2066/393 774/2067/393 778/2068/393 776/2069/393 768/2070/393 772/2071/393 770/2072/393 877/2073/393 929/2074/393
f 767/2075/394 771/2076/394 772/2077/394 768/2078/394
f 769/2079/395 770/2080/395 772/2077/395 771/2076/395
f 774/2081/396 773/2082/396 777/2083/396 778/2084/396
f 775/2085/397 776/2086/397 778/2084/397 777/2083/397
f 780/2087/398 779/2088/398 783/2089/398 784/2090/398
f 781/2091/399 782/2092/399 784/2090/399 783/2089/399
f 786/2093/400 785/2094/400 789/2095/400 790/2096/400
f 788/2097/401 790/2096/401 789/2095/401 787/2098/401
f 805/2099/402 813/2100/402 818/2101/402 807/2102/402
f 809/2103/403 810/2104/403 818/2101/403 813/2100/403
f 801/2105/404 815/2106/404 817/2107/404 803/2108/404
f 808/2109/405 817/2107/405 815/2106/405 806/2110/405
f 799/2111/406 797/2112/406 811/2113/406 819/2114/406
f 802/2115/407 804/2116/407 819/2114/407 811/2113/407
f 793/2117/408 812/2118/408 816/2119/408 795/2120/408
f 798/2121/409 800/2122/409 816/2119/409 812/2118/409
f 794/2123/410 796/2124/410 820/2125/410 814/2126/410
f 791/2127/411 814/2126/411 820/2125/411 792/2128/411
f 872/2129/412 875/2130/412 938/2131/412 900/2132/412
f 873/2133/413 900/2132/413 938/2131/413 874/2134/413
f 867/2135/414 871/2136/414 936/2137/414 914/2138/414
f 870/2139/415 866/2140/415 914/2138/415 936/2137/415
f 868/2141/416 869/2142/416 937/2143/416 915/2144/416
f 865/2145/417 862/2146/417 915/2144/417 937/2143/417
f 863/2147/416 864/2148/416 948/2149/416 916/2150/416
f 858/2151/417 916/2150/417 948/2149/417 861/2152/417
f 859/2153/418 860/2154/418 940/2155/418 917/2156/418
f 857/2157/419 856/2158/419 917/2156/419 940/2155/419
f 854/2159/420 855/2160/420 942/2161/420 918/2162/420
f 850/2163/421 918/2162/421 942/2161/421 853/2164/421
f 852/2165/422 943/2166/422 919/2167/422 851/2168/422
f 846/2169/423 919/2167/423 943/2166/423 849/2170/423
f 848/2171/422 944/2172/422 923/2173/422 847/2174/422
f 845/2175/423 842/2176/423 923/2173/423 944/2172/423
f 843/2177/424 844/2178/424 941/2179/424 913/2180/424
f 841/2181/425 838/2182/425 913/2180/425 941/2179/425
f 839/2183/426 840/2184/426 935/2185/426 912/2186/426
f 837/2187/427 835/2188/427 912/2186/427 935/2185/427
f 834/2189/428 836/2190/428 939/2191/428 921/2192/428 831/2193/428
f 833/2194/429 832/2195/429 921/2192/429 939/2191/429
f 830/2196/428 946/2197/428 920/2198/428 827/2199/428
f 829/2200/430 828/2201/430 920/2198/430 946/2197/430
f 825/2202/431 826/2203/431 934/2204/431 911/2205/431
f 824/2206/432 821/2207/432 911/2208/432 934/2209/432
f 823/2210/433 933/2211/433 910/2212/433 822/2213/433
f 901/2214/434 910/2215/434 933/2216/434 927/2217/434
f 924/2218/433 902/2219/433 926/2220/433 945/2221/433
f 925/2222/434 904/2223/434 924/2224/434 945/2225/434
f 899/2226/435 898/2227/435 932/2228/435 909/2229/435 903/2230/435
f 897/2231/436 894/2232/436 909/2233/436 932/2234/436
f 895/2235/437 896/2236/437 931/2237/437 908/2238/437
f 892/2239/438 908/2240/438 931/2241/438 893/2242/438
f 891/2243/439 928/2244/439 905/2245/439 886/2246/439
f 887/2247/440 905/2248/440 928/2249/440 890/2250/440
f 888/2251/439 889/2252/439 947/2253/439 922/2254/439
f 885/2255/440 882/2256/440 922/2257/440 947/2258/440
f 883/2259/441 884/2260/441 930/2261/441 907/2262/441
f 881/2263/442 878/2264/442 907/2265/442 930/2266/442
f 879/2267/441 880/2268/441 929/2269/441 906/2270/441
f 876/2271/442 906/2272/442 929/2273/442 877/2274/442
